,benchmark,alignment,threading,modeller,secondary_structure,solvent_access,co_evolution,sum_scores,weighted_combined_scores
Peptidase_S21,.,0.9211312182546771,0.5972997299729936,0.6856891302957766,0.592,0.408,0.0,0.529876843560464,1.0
tRNA-synt_1_edit,.,0.9462637297191523,0.5526102610260999,0.6408922563162949,0.568,0.416,0.0,0.5032769502462024,0.9886161683777954
phoslip,.,0.9909900712116184,0.7337983798379809,0.7274290984131914,0.5853658536585366,0.5528455284552846,0.0,0.65775841548577,0.9808267633003694
ung,.,0.9060721304780622,0.5642664266426611,0.6856175269966364,0.584,0.408,0.0,0.5112846217320242,0.9767233382465053
PA_phosphatase,.,0.7682346835464576,0.5677317731773154,0.7165841518012964,0.624,0.312,0.0,0.45851590408258,0.9369450442986913
CBD_6,.,0.9369560223589167,0.44306930693069024,0.5996241470882234,0.6,0.512,0.0,0.49264518996492035,0.9356374082814315
IF4E,.,0.9131337366105992,0.5980648064806436,0.7231663518816621,0.56,0.464,0.0,0.5478337512045186,0.93338886780432
capsid_n,.,0.9915941363145221,0.7698919891989173,0.8308019385870358,0.496,0.552,0.0,0.6742635102864484,0.9240815513363372
bv,.,0.8795953614606464,0.4245274527452722,0.6706824628980482,0.584,0.448,0.0,0.46455882982553104,0.919901740638994
cah,.,0.86519138654211,0.4220522052205198,0.5293027679793555,0.576,0.368,0.0,0.3830386233793685,0.9138713374697847
Cytidylyl_trans,.,0.8548542161191794,0.6402340234023361,0.7837335886951369,0.52,0.368,0.0,0.5175298345763337,0.9117064103745134
cytc,.,0.8143478223878438,0.49023402340233674,0.5696027063881846,0.6341463414634146,0.3902439024390244,0.0,0.4287308027583665,0.9075865672551422
msb,.,0.8660932302168679,0.5787128712871248,0.4007813160146445,0.6341463414634146,0.42276422764227645,0.0,0.4300295143196036,0.8967384826094688
dNK,.,0.8496983928465078,0.7392439243924366,0.8960158937671802,0.52,0.424,0.0,0.6043060304232304,0.8957697270473897
Dala_Dala_ligas_C,.,0.9217608072351684,0.48847884788478546,0.7026007058262665,0.536,0.512,0.0,0.5155497623338336,0.8847446211382283
PGM_PMM_III,.,0.8585466704101686,0.6694869486948664,0.8003895164657302,0.5609756097560976,0.4796747967479675,0.0,0.5844821368297111,0.8831792115615885
Me-amine-deh_L,.,0.9203314700902694,0.5685868586858651,0.6562714938372239,0.56,0.528,0.0,0.539499932807069,0.8815922603393831
AP_endonucleas1,.,0.8609288989850005,0.5432043204320405,0.7674470791321839,0.536,0.448,0.0,0.5138085000188838,0.877326488306065
RGS,.,0.9793852148685095,0.828442844284424,0.8459251857485508,0.44,0.528,0.0,0.6681278450129629,0.8770961017909598
OMPdecase,.,0.8591337195946808,0.714266426642661,0.7906047920244148,0.512,0.416,0.0,0.5589697673258516,0.8770865446342535
tms,.,0.8625539191914036,0.4980648064806454,0.7191151537001474,0.536,0.44,0.0,0.48075588697479654,0.8727983832248333
UPP_synthetase,.,0.9266613917319653,0.735418541854183,0.7549601489611738,0.464,0.472,0.0,0.5791745079944579,0.8581583945387772
Bcl-2,.,0.9334167113334524,0.8552205220522018,0.833028862858208,0.448,0.496,0.0,0.6495610617812104,0.8523301515295134
tRNA-synt_2d,.,0.8499961714183619,0.5316381638163783,0.6983887325432184,0.544,0.472,0.0,0.4940929997647398,0.8392772737221879
hormone,.,0.9507984719705285,0.7743924392439195,0.9776921668786352,0.392,0.528,0.0,0.6685018588193076,0.8359739572457116
DAP_epimerase,.,0.9540910521793138,0.6174617461746121,0.7818457283143618,0.648,0.504,0.6879506012241483,0.8573458229215786,0.8355092988850005
LMWPc,.,0.944791852778274,0.789873987398735,0.7871703826060964,0.576,0.4,0.6879506012241483,0.8548424391638137,0.8256093035603836
OTCace,.,0.7951793903196439,0.6687668766876638,0.7758173060939492,0.52,0.4,0.0,0.5151933083691997,0.8229206888883316
cyclo,.,0.93334013970069,0.5940594059405899,0.4634063836814752,0.656,0.32,0.8437217744400374,0.7306187104118225,0.8137145382018752
Hydrolase,.,0.8842407071815683,0.8325832583258289,0.8469236303741496,0.432,0.464,0.0,0.6144983801593634,0.8093527842591647
ghf22,.,0.9931766167249462,0.7055805580558027,0.7988650582450699,0.6,0.472,0.8437217744400374,0.9301717258047711,0.8087868331919824
EF_TS,.,0.8674119638922212,0.732223222322229,0.8355222199220852,0.504,0.544,0.0,0.6222478358351025,0.8040722481579524
C2,.,0.9503730740107369,0.6288928892889244,0.7914575633352079,0.64,0.496,0.7861409270122505,0.8902888326082252,0.8011755592064115
TNF,.,0.9274015841820022,0.5274527452745227,0.6461251898652266,0.6,0.408,0.6879506012241483,0.7261174407608211,0.7923367968934139
fibrinogen_C,.,0.8608353114338463,0.42250225022502164,0.6275462372993905,0.712,0.408,0.7861409270122505,0.732769449143772,0.7920799906001982
Endonuclease_3,.,0.8999378918978703,0.5511251125112478,0.7891593235484902,0.432,0.504,0.0,0.5206417246463018,0.7898601736464882
CH,.,0.8065034840092906,0.6406390639063885,0.7225325975903633,0.5040650406504065,0.43089430894308944,0.0,0.49694367961248476,0.7862937016735978
Ribosomal_L4,.,0.8807184120744956,0.599144914491445,0.7633080795463456,0.48,0.536,0.0,0.548100734245327,0.785116763461391
Ribosomal_S8,.,1.0,0.6297929792979258,0.7803086350234991,0.544,0.512,0.6879506012241483,0.8443371877763823,0.7816036388633846
KAS,.,0.8159813505534427,0.5127362736273597,0.6696191025158892,0.488,0.416,0.0,0.429976131714282,0.7801491207208042
Syntaxin,.,0.9488841811514671,0.9752475247524716,1.0,0.4065040650406504,0.6422764227642277,0.0,0.7843735846956091,0.7730342048657358
hexapep,.,0.9361903060312923,0.4024302430243012,0.6819458057445936,0.624,0.432,0.8437217744400374,0.7669532019315204,0.7716702302700855
Levi_coat,.,0.9595786858606226,0.5988748874887458,0.7824082767219607,0.504,0.728,0.0,0.6519431048106965,0.7695915350518993
lipocalin,.,0.8616946153126249,0.6204770477047656,0.7372666379961118,0.656,0.448,0.6879506012241483,0.7971107040504741,0.768678301115142
Transpeptidase,.,0.7874967031658116,0.5579207920792041,0.6912610455112214,0.536,0.464,0.0,0.47444791179763296,0.7669479136669871
blmb,.,0.9041493316998052,0.6333033303330295,0.6192272563734404,0.592,0.344,0.7861409270122505,0.7532260988721922,0.7631457143873267
intb,.,0.9404357776700103,0.6415841584158403,0.731201352067625,0.6,0.416,0.8846159287888062,0.8641280879738352,0.7600899876129917
Ald_Xan_dh_1,.,0.9741698358814671,0.6972997299729947,0.730190532747457,0.576,0.456,0.8437217744400374,0.8851635637214258,0.7587298867695313
mdm2,.,0.6607451270663706,0.5183618361836151,0.704642338574439,0.6178861788617886,0.3983739837398374,0.0,0.42920572752835706,0.7544774118721589
proteasome,.,0.8173171001471876,0.5419891989198891,0.5800776523732595,0.528,0.488,0.0,0.4475365951436787,0.7472977967018791
YgbB,.,0.9776240673149731,0.5775877587758742,0.6844591295083459,0.568,0.456,0.8437217744400374,0.8288912866415303,0.7453534154551338
PGAM,.,0.9350332235806597,0.5761476147614726,0.7333419412604083,0.568,0.48,0.6879506012241483,0.7868765987648254,0.7439360949207824
formyl_transf,.,0.9331444566391859,0.5925292529252895,0.7962864898292207,0.536,0.456,0.6879506012241483,0.7939731250785477,0.7438403779265919
UCR_14kD,.,0.8070820252346069,0.5668766876687639,0.7399443547123015,0.5609756097560976,0.5853658536585366,0.0,0.5484559756546399,0.742786527468124
Amidase_2,.,0.9359435752146131,0.5963096309630921,0.7100558083650688,0.592,0.44,0.8437217744400374,0.8324128515479188,0.7396529825744795
ribonuclease_T2,.,0.9187660055982372,0.64243924392439,0.8159861813443928,0.52,0.424,0.6879506012241483,0.7963669124340684,0.7387992562016538
GAF,.,0.9456681725754442,0.6732223222322193,0.8453611299030753,0.52,0.48,0.6879506012241483,0.8437247773239938,0.7375056978531834
oxidored_q6,.,0.8025728068608182,0.5254275427542715,0.5929192895286322,0.496,0.44,0.0,0.4149415072094595,0.7369919740574834
Glyco_transf_28,.,0.7609433625156333,0.6193519351935153,0.7363573651729063,0.512,0.448,0.0,0.487680726767784,0.7367992621581347
SRP54,.,0.828513574448897,0.6747974797479714,0.8309587943500899,0.416,0.464,0.0,0.5332367679707604,0.7326036205743736
Dwarfin,.,0.8877970341254243,0.4529702970297007,0.6907885870727225,0.656,0.536,0.6879506012241483,0.7640461858098921,0.729140183439912
mutT,.,0.9812909977283748,0.5053555355535524,0.6820263166311866,0.56,0.504,0.7861409270122505,0.799568593997621,0.7281923720966588
citrate_synt,.,0.7602882496575546,0.5987398739873945,0.7788250968891991,0.536,0.512,0.0,0.5238298827016963,0.7271199327405856
RuvA,.,0.9259041833635365,0.6897839783978365,0.8260122877016997,0.608,0.496,0.8846159287888062,0.9357901666928371,0.7218406678192534
Aldolase_II,.,0.9039961884342802,0.5981998199819945,0.7896139942200446,0.568,0.44,0.7861409270122505,0.8217933101980838,0.7207602138006743
Colicin_Pyocin,.,0.6462901043926592,0.5412241224122379,0.6522715622474956,0.6341463414634146,0.43089430894308944,0.0,0.43080031262330587,0.718336837233959
cryst,.,0.8823008924849196,0.3757425742574228,0.7628748144926393,0.616,0.52,0.6879506012241483,0.7419868265674495,0.7163346715575764
NMT,.,0.6795647328075414,0.40603060306030403,0.8039284050328801,0.584,0.48,0.0,0.44692080121082595,0.7160828369779597
Ribosomal_L14,.,0.9775049558862315,0.6277227722772232,0.7200256050656929,0.5691056910569106,0.4959349593495935,0.8823037874942014,0.8835798607647494,0.71582351658044
S-AdoMet_syntD2,.,0.98607247079643,0.5881188118811839,0.8103143504056886,0.5528455284552846,0.5691056910569106,0.7838334663704092,0.889436705128414,0.7153653484326071
Jacalin,.,0.9526276831976312,0.53433843384338,0.6261341380164622,0.568,0.44,0.8437217744400374,0.7816954609397104,0.7146710694027059
gluts,.,0.9230540170329342,0.7312331233123284,0.7876712082846373,0.56,0.512,0.6879506012241483,0.8601794196129311,0.713150387977867
DHHA2,.,0.9203655019270527,0.7781728172817249,0.8172155380447308,0.5121951219512195,0.45528455284552843,0.6856524452633395,0.8492476752204771,0.7107699041309314
GFP,.,0.8609629308217837,0.5385688568856858,0.6808057304784945,0.584,0.416,0.6879506012241483,0.716635949204564,0.708570149421295
DMRL_synthase,.,0.9605230693313594,0.74279927992799,0.7461216569790029,0.512,0.496,0.6879506012241483,0.841471220501684,0.70847960413063
MATH,.,0.9401294911389605,0.5032853285328505,0.6910772066101754,0.568,0.536,0.6879506012241483,0.7689905534093232,0.7023782051807067
dCMP_cyt_deam,.,0.9147672647761982,0.6945094509450911,0.7867142867205494,0.56,0.52,0.6879506012241483,0.8476109167842026,0.6992248296043541
phosfruc,.,0.7991611152232914,0.4893789378937861,0.7436575579139132,0.592,0.368,0.6879506012241483,0.6874585959359416,0.6982989265122604
RNase_U2,.,0.9894160987603903,0.4770477047704742,0.5936490402047112,0.576,0.48,0.9422920499160713,0.8126746209530491,0.6974659853124422
cks,.,0.5099500582795204,0.19959495949594858,0.6666312099006108,0.7804878048780488,0.4634146341463415,0.0,0.33653896578959475,0.6961093170236339
uce,.,0.9615099925980755,0.6144014401440108,0.7920574413862245,0.52,0.504,0.7861409270122505,0.8523010794612339,0.6955308348316258
Haloperoxidase,.,0.7872074325531534,0.6811881188118774,0.7724168140278551,0.6,0.28,0.8846159287888062,0.7951375369283584,0.6947844325170218
laminin_G,.,0.9261509141802156,0.4710171017101694,0.30555952133530273,0.56,0.368,0.6879506012241483,0.5677995177738966,0.6932573090977439
PBP,.,0.861941346129304,0.43222322232222965,0.7758131948997402,0.6,0.432,0.8437217744400374,0.7753652557704779,0.6922075635135654
PX,.,0.9002356704697243,0.6328082808280779,0.8259813441132865,0.624,0.616,0.6879506012241483,0.8883395168700542,0.6905736065693009
Flavoprotein,.,0.9562180419782706,0.7171017101710108,0.652828279611308,0.544,0.48,0.7861409270122505,0.8384569363126722,0.6905728441214348
tubulin,.,0.6943260420123024,0.4776777677767761,0.6636040964925786,0.528,0.408,0.0,0.38670037730563306,0.6901410681973611
MutS_D2,.,0.9374239601146872,0.6662016201620119,0.7542069918860649,0.56,0.488,0.8437217744400374,0.8759516914184569,0.6891401163568064
aspg,.,0.9082161361954108,0.5951845184518416,0.6773433786435356,0.592,0.488,0.7861409270122505,0.8088611251621771,0.6868024807016175
Fz,.,0.9508920595216825,0.5866336633663325,0.7315277945918007,0.56,0.536,0.7861409270122505,0.8433911668616745,0.6850441110549356
Dehydratase_MU,.,0.8576703506129983,0.71291629162916,0.7097786727634398,0.576,0.352,0.8846159287888062,0.8241205869793236,0.6837163828506011
int,.,0.8702791461412152,0.7025202520251982,0.7437751791802328,0.544,0.432,0.6879506012241483,0.7868937456070115,0.6836089928564105
PH,.,0.7193989977624067,0.46989198919891784,0.6963423034018021,0.7398373983739838,0.4065040650406504,0.7838334663704092,0.732366743703326,0.6833275036094594
fkbp,.,0.8319848218007946,0.49797479747974527,0.6397749159541716,0.6422764227642277,0.43089430894308944,0.7838334663704092,0.7359851210569623,0.6823695882478358
Orbi_VP7,.,0.9110322706892298,0.6237623762376222,0.7532824665323439,0.592,0.528,0.7861409270122505,0.8576334629940003,0.6821490689057113
phc,.,0.9874422522269583,0.8100360036003577,0.7941762960656228,0.496,0.576,0.6879506012241483,0.9097340328019098,0.680239747448451
Phage_integrase,.,0.9228413180530386,0.6243924392439207,0.8024777838602135,0.536,0.536,0.6879506012241483,0.8296425405031999,0.6800739733474178
annexin,.,0.7372061563592741,0.7470747074707457,0.7428082811181976,0.496,0.472,0.0,0.5268872926546904,0.6792279543509898
Fimbrial,.,0.9525681274832606,0.5723672367236683,0.5760198351690683,0.56,0.488,0.7861409270122505,0.7718551603965883,0.6791190232575117
hemopexin,.,0.8784723108467971,0.5223672367236689,0.6383421647723334,0.624,0.44,0.8846159287888062,0.7893011818764477,0.6775213706709474
START,.,0.8892263712703233,0.41179117911791013,0.785809166203495,0.552,0.464,0.7861409270122505,0.7565850395014562,0.6760603002229493
SCP,.,0.979844644665084,0.5821332133213287,0.6516578226200043,0.512,0.544,0.6879506012241483,0.7793001785681295,0.6758584303721464
DAO,.,0.7307230914520534,0.45864086408640625,0.7352227852030665,0.456,0.416,0.0,0.3949692341810161,0.6754612645383081
Nitroreductase,.,0.8950798471970528,0.5666066606660637,0.6232404123045412,0.424,0.592,0.0,0.49571634426520383,0.6749751931233305
LysR_substrate,.,0.9048299684354714,0.41129612961295825,0.7378470838025005,0.536,0.496,0.6879506012241483,0.7185015485109797,0.6745520885043317
SAM_PNT,.,0.5469426648629793,0.3771377137713753,0.6892642658918692,0.6422764227642277,0.36585365853658536,0.0,0.33700110957479407,0.6742851334626033
adeno_fiber,.,0.9226541429507303,0.48654365436543495,0.7501576848538863,0.56,0.472,0.8846159287888062,0.8184897448590759,0.6734245497156988
Zn_dep_PLPC,.,0.8462952091681768,0.6991899189918961,0.7173707328853246,0.528,0.376,0.6879506012241483,0.7452765086890093,0.6732923642679155
Ala_racemase_N,.,0.8809396190135871,0.6331683168316794,0.6958354479717547,0.536,0.392,0.7861409270122505,0.7682098691424436,0.6729447971030561
serpin,.,0.7719866935518176,0.6327632763276287,0.854163443376207,0.376,0.416,0.0,0.47916014621057595,0.672568153109417
Rhodanese,.,0.9141121519181193,0.6986948694869453,0.8145265155444664,0.528,0.48,0.7861409270122505,0.8666562804972955,0.6719285133051887
7kD_DNA_binding,.,0.4345270000085079,0.25972097209720846,0.5999504765545584,0.7560975609756098,0.3170731707317073,0.0,0.2528833982371793,0.6710194934767505
TNFR_c6,.,0.6391178947905766,0.29797479747974687,0.25293576952469854,0.6910569105691057,0.42276422764227645,0.0,0.23185622342504383,0.6708339088952613
ATP-synt,.,0.6358423305001829,0.47335733573357075,0.6877214169291139,0.608,0.464,0.0,0.41891439966173444,0.6706462305760177
MIP,.,0.8882139241260198,0.7238973897389718,0.879789393935698,0.584,0.544,0.7861409270122505,0.9277543882618732,0.6699700485894651
MBD,.,0.46110586453627367,0.27254725472547153,0.4286918160841374,0.7886178861788617,0.34146341463414637,0.0,0.22807469547415912,0.6696314531480622
Ribosomal_L12,.,0.4924662021320946,0.4384338433843363,0.629083563557925,0.6829268292682927,0.3170731707317073,0.0,0.31664542627210485,0.66936764426342
PTS_EIIA_2,.,0.9662063860741723,0.6917191719171878,0.7575389366407141,0.488,0.464,0.8437217744400374,0.8632505326756585,0.6691748514324745
pot,.,0.4491351659477441,0.21647164716471567,0.5180014839492537,0.7642276422764228,0.3252032520325203,0.0,0.22165691409816646,0.6687035069422849
RNA_pol_K,.,0.5721262240826293,0.4125112511251101,0.5815290101348886,0.6829268292682927,0.43089430894308944,0.0,0.3563708995241853,0.6677828243231656
Band_41_M,.,0.8387826811982608,0.7190369036903652,0.6320241705878095,0.5691056910569106,0.3983739837398374,0.6856524452633395,0.7413601758991689,0.6670897942362211
Pep_deformylase,.,0.9514706007469987,0.6100810081008055,0.47143624487467695,0.576,0.464,0.8437217744400374,0.7657685944876667,0.6635067259344055
STAS,.,0.8181508801483788,0.7002700270026956,0.8712080708552811,0.5691056910569106,0.4634146341463415,0.6856524452633395,0.8290266858689536,0.6632420125424955
dhfr,.,0.9174132400861005,0.6279477947794737,0.7533933591441414,0.536,0.488,0.7861409270122505,0.8293886961503065,0.6631861101496713
Peptidase_S11,.,0.8554838050996707,0.569801980198016,0.5460139836035708,0.568,0.4,0.6879506012241483,0.6699475833108285,0.6629131607391652
Recep_L_domain,.,0.9348970962335265,0.5103060306030562,0.6894963702129289,0.536,0.496,0.7861409270122505,0.7777291357436853,0.6624694572931421
Topoisom_bac,.,0.8914724724980219,0.4887938793879366,0.7172791217743673,0.608,0.584,0.6879506012241483,0.7858910076736976,0.6620367493691226
UreE,.,0.9347014131720224,0.46629162916291406,0.7414633724526253,0.592,0.536,0.9163526492294042,0.8551808359111153,0.6620042309879596
THAUMATIN,.,0.8829815292205858,0.5290279027902767,0.460514603934813,0.624,0.376,0.9422920499160713,0.7320383129901646,0.6613782824284781
ISP,.,0.896943090260939,0.5661116111611124,0.7587307855458854,0.56,0.496,0.7861409270122505,0.8145024348730528,0.660682811394121
arginase,.,0.8176829423926083,0.6558505850585014,0.7822079245241752,0.528,0.376,0.6879506012241483,0.7429213935835304,0.6597774737673952
Cys-protease-3C,.,0.9005589729191659,0.5794329432943252,0.7186312798457283,0.568,0.408,0.9832339130199651,0.8455967389418317,0.6594398861549668
hormone_rec,.,0.8664845963398758,0.684338433843381,0.8075860248887861,0.48,0.4,0.6879506012241483,0.7689630870733377,0.6575852823932274
Histidine_kinase,.,0.9408186358338225,0.6117011701170074,0.8190855832506001,0.48,0.528,0.6879506012241483,0.8157039500275497,0.6568328554669541
CBM_20,.,0.7374613951351489,0.4872187218721843,0.6523144008911534,0.6585365853658537,0.3902439024390244,0.6856524452633395,0.6647096506088735,0.656123418293731
Desulfoferrodox,Fold,0.8696835889975071,0.5466246624662426,0.7203445104004854,0.6016260162601627,0.5528455284552846,0.6856524452633395,0.7856528869044322,0.6537028369944581
Sua5_yciO_yrdC,.,0.942273496856309,0.5617461746174582,0.5996952570440585,0.488,0.392,0.8437217744400374,0.7362161731146816,0.6530571387944287
actin,.,0.7498915235202531,0.4699819981998178,0.785217620172742,0.6,0.384,0.6879506012241483,0.6864302473661692,0.6527082070174804
TIR,.,0.9734721832274091,0.6013051305130465,0.7528253565522254,0.488,0.576,0.6879506012241483,0.8196754644069205,0.6507199610602646
VAT-N,.,0.8868866824914707,0.5622862286228586,0.5867961488196392,0.56,0.48,0.6879506012241483,0.715189838654055,0.6465587394480812
transketolase_C,.,0.961875834843496,0.6844734473447313,0.675733763886826,0.512,0.52,0.7861409270122505,0.8397595619504362,0.646355125071016
DISIN,.,0.44300943532674814,0.1590909090909082,0.5377892509483634,0.7967479674796748,0.4065040650406504,0.0,0.24486324164299872,0.6443238329675544
NusB,.,0.9758884436390243,0.9698019801980193,0.9457389787996404,0.392,0.52,0.6879506012241483,0.9560043356631159,0.6436592899796708
Clp_N,.,0.9498625964589874,0.8503600360035988,0.8634071346596174,0.448,0.528,0.6879506012241483,0.9017809993226952,0.643622471424134
galpha,.,0.8314062805754784,0.721782178217818,0.8627555103774901,0.512,0.432,0.6879506012241483,0.8091953409704944,0.6417078281183851
ghf6,.,0.7343049422734967,0.5496849684968459,0.6778815750774364,0.432,0.416,0.0,0.3993669436132172,0.6403033664068208
Mur_ligase,.,0.8314488203714574,0.6183168316831646,0.6559087083562407,0.568,0.392,0.7861409270122505,0.7442863265116088,0.6392623533335758
EFTU_C,.,0.7140389834690353,0.428622862286226,0.6420970349272533,0.6747967479674797,0.3983739837398374,0.6856524452633395,0.6422504823132115,0.6389759335848647
Bacteriofer,.,0.9232241762168508,1.0,0.8974565932578223,0.472,0.464,0.8437217744400374,0.9920945616240024,0.6379366252961464
Fapy_DNA_glyco,.,0.8743204267592333,0.4828082808280798,0.7127791456329977,0.472,0.4,0.6879506012241483,0.6708109492932498,0.6377971147475104
Astacin,.,0.8985425865897546,0.6314581458145772,0.659685066352893,0.552,0.456,0.8437217744400374,0.8070479208630933,0.6370790910017297
DUF101,.,0.9578005223886945,0.6459495949594942,0.7590855953101031,0.488,0.528,0.7861409270122505,0.8479535494477197,0.6362498946430148
SIS,.,0.9437028340012081,0.5633663366336593,0.762969522703234,0.448,0.504,0.6879506012241483,0.7635439319724987,0.6323598404866845
GroEL,.,0.8429430732450206,0.6715571557155684,0.749832941623317,0.544,0.424,0.7861409270122505,0.7994561484084859,0.6310201765135386
ATP-synt_DE_N,.,0.6266877664054723,0.3864536453645356,0.7243416463781517,0.7479674796747967,0.4065040650406504,0.6856524452633395,0.6535139292472923,0.6295051809327777
Hint,.,0.8795102818686881,0.706480648064805,0.6946345544393236,0.592,0.472,0.9163526492294042,0.8797333594472363,0.6284502356747956
PCI_1,.,0.30793707513378765,0.11485148514851405,0.520569589375841,0.8373983739837398,0.2682926829268293,0.0,0.14750849340935543,0.6248704407123888
Ribosomal_S15,.,0.6403430409147757,0.5010801080107988,0.7967995120505817,0.5528455284552846,0.5040650406504065,0.0,0.4606949791553283,0.6245090609812398
dutpase,.,0.9249853237703871,0.5196669666966667,0.5979584453645175,0.6097560975609756,0.5609756097560976,0.8823037874942014,0.8250027896641586,0.6239135677775324
Amino_oxidase_D2,.,0.8487965491717502,0.476147614761474,0.6753607552362431,0.5528455284552846,0.4796747967479675,0.6856524452633395,0.7001469766960711,0.6238766314948336
protg,.,0.3627538562325055,0.21701170117011595,0.6521819108057779,0.7723577235772358,0.3170731707317073,0.0,0.2376588491896045,0.6226695828517786
PAN,.,0.6559551460391196,0.4250675067506725,0.7669011947651123,0.6666666666666666,0.36585365853658536,0.6856524452633395,0.6497035793581099,0.6223687606716204
RRF,.,0.9344546823553433,0.6458145814581427,0.8450763337762368,0.528,0.528,0.9422920499160713,0.9335792761592007,0.6223583953414409
Peptidase_C15,.,0.8649786875622144,0.6294329432943241,0.5451266744071774,0.536,0.384,0.7861409270122505,0.7091516267425093,0.6221228556393893
Heme_oxygenase,.,0.8517147791759191,0.7887488748874837,0.8832391792203581,0.456,0.424,0.6879506012241483,0.8236810362482646,0.6205310632275237
Flavin_Reduct,.,0.9336038864357606,0.5842934293429298,0.6486037260739803,0.528,0.528,0.7861409270122505,0.7962013742359944,0.6201838118816777
Ribosomal_S5_N,.,0.4514408228898134,0.2396939693969386,0.41214848021894795,0.7560975609756098,0.34959349593495936,0.0,0.2004492322468336,0.619457586833206
tcl1_mtcp1,.,0.8235619421969251,0.5680018001800144,0.7528325511420911,0.6341463414634146,0.4959349593495935,0.8823037874942014,0.8452406360697851,0.6194257550438457
CASc,.,0.8713511489998893,0.47610261026102235,0.6639651415680133,0.48,0.416,0.6879506012241483,0.6593939149410485,0.6188908629227439
Hpr_kinase,.,0.8990445561823084,0.6142214221422094,0.5386555652180801,0.576,0.472,0.8437217744400374,0.7746845760001875,0.6185229318892949
rnasemam,.,0.9444855662472242,0.6208820882088163,0.7556755241615021,0.4715447154471545,0.5121951219512195,0.7838334663704092,0.8226757002118251,0.6172126068623757
eIF6,.,0.8407905595684763,0.6315481548154789,0.6902649853782638,0.56,0.384,0.9163526492294042,0.8009399284194445,0.6155458436828333
GEL,.,0.876506972272561,0.7270027002700237,0.8942196033854204,0.528,0.536,0.7861409270122505,0.9084976353031181,0.6136528734898449
avi,.,0.8950458153602694,0.5278577857785747,0.7590889527853738,0.5691056910569106,0.5528455284552846,0.841411195471561,0.8414580987711783,0.6127798138517421
Mur_ligase_C,.,0.9308387996971166,0.7093609360936066,0.7468688528225088,0.472,0.464,0.8437217744400374,0.8485539545261634,0.6126625649073562
RuBisCO_small,.,0.9378153262376953,0.587083708370834,0.7306240718807774,0.5853658536585366,0.6341463414634146,0.841411195471561,0.8980953034150257,0.6115822821756954
TIMP,.,0.8894305622910231,0.5146264626462613,0.6920760075392723,0.544,0.512,0.7861409270122505,0.7729071329025354,0.6105024744074607
MoCF_biosynth,.,0.9575878234087988,0.6032853285328481,0.6170489401217993,0.512,0.464,0.9642285122751016,0.8324525145686116,0.6104014924586986
sugbp,.,0.8545479295881296,0.7633213321332111,0.783976423233082,0.52,0.424,0.8437217744400374,0.856093960045024,0.6103536107306406
CUB,.,0.8167725907586547,0.47641764176417356,0.46154179951191354,0.6504065040650406,0.43089430894308944,0.841411195471561,0.6865634216984775,0.6100305969071746
Spermine_synth,.,0.8027174421671474,0.636723672367234,0.5782464767956388,0.584,0.336,0.8846159287888062,0.7345169123153291,0.6097347397008914
C1,.,0.3106596220764525,0.2154365436543644,0.5972854771324552,0.7967479674796748,0.2682926829268293,0.0,0.19364579849710936,0.6075767892453505
P,.,0.34116916375269063,0.1646264626462637,0.6402757758926643,0.7804878048780488,0.3170731707317073,0.0,0.2119222432459599,0.6047709563668348
cat,.,0.667194160136808,0.3856435643564344,0.7090636812745711,0.528,0.512,0.0,0.3967285718520184,0.6044526142798442
ech,.,0.8661357700128469,0.6115661566156575,0.6767870792511345,0.52,0.416,0.8437217744400374,0.7715620802715744,0.6034026104275374
Skp1,.,0.8624092838850744,0.7816831683168284,0.8197755238627553,0.5365853658536586,0.5121951219512195,0.7838334663704092,0.8914863422936424,0.6028476071546961
SCP2,.,0.8869887780018207,0.7112511251125081,0.7656169673260648,0.4878048780487805,0.5121951219512195,0.6856524452633395,0.8097298774345598,0.6013928153873659
Extradiol_dioxy,.,0.7987272093043041,0.6626462646264575,0.8134183020334871,0.584,0.432,0.8846159287888062,0.8514065922373534,0.6013516660877019
B_lectin,.,0.7743519062082578,0.456840684068404,0.6419732674255912,0.6341463414634146,0.4959349593495935,0.6856524452633395,0.690355608768314,0.6003255650186777
HSP20,.,0.8746692530862621,0.48667866786678293,0.6667039506301488,0.6504065040650406,0.5853658536585366,0.9140395695245579,0.8522196442009408,0.599699542846887
FYVE,.,0.4171026995754528,0.23874887488748758,0.5003194055300879,0.7317073170731707,0.3252032520325203,0.0,0.20180886380868657,0.5983865204668737
glnasn,.,0.7644316257859227,0.5877137713771359,0.6445652725945136,0.56,0.376,0.6879506012241483,0.6677663639331038,0.5977567793714025
Frataxin_Cyay,.,0.8653190059300475,0.7201170117011673,0.7777137862785823,0.5447154471544715,0.4959349593495935,0.841411195471561,0.8745140280531798,0.5969800547001838
icd,.,0.771773994571922,0.5809630963096275,0.6750398902322109,0.568,0.368,0.7861409270122505,0.7105547748358069,0.5961919545478818
DSBA,.,0.9064805125194619,0.6086858685868548,0.7880639643714042,0.544,0.536,0.9163526492294042,0.8925129017306588,0.5956645211444428
sh2,.,0.776563975599173,0.566336633663362,0.5967474314423421,0.6016260162601627,0.3983739837398374,0.7838334663704092,0.7018034130803226,0.5934135668532213
tRNA-synt_2b,.,0.8437087895726452,0.536453645364534,0.7702293983330314,0.52,0.464,0.7861409270122505,0.7670341832550798,0.5902512705080262
CARD,.,0.685707479346929,0.41237623762375997,0.42187300307306286,0.5121951219512195,0.43089430894308944,0.0,0.284555779796395,0.5893613976584812
aakinase,.,0.7725567268179382,0.7222772277227683,0.8946109616661563,0.56,0.496,0.6879506012241483,0.8374991073006206,0.5882872543628064
Ribosomal_L1,.,0.9115427482409794,0.4815931593159285,0.711761899145883,0.528,0.568,0.7861409270122505,0.7890499573119342,0.5876427904771828
DNA_ligase_N,.,0.8132843274883653,0.5593609360936056,0.8481057905649683,0.544,0.528,0.6879506012241483,0.7869521655227124,0.5870099590523283
CAT_RBD,.,0.3333843810885083,0.1872187218721863,0.4726772773665685,0.8048780487804879,0.3008130081300813,0.0,0.16403447587527184,0.58643703751556
RING,.,0.3381318223197802,0.18415841584158327,0.5529872434748427,0.7886178861788617,0.3170731707317073,0.0,0.19117834826088115,0.5862116739937798
RNA_pol_A_bac,.,0.8965602320971269,0.4708820882088174,0.5214877886294729,0.592,0.536,0.8437217744400374,0.7472115449525609,0.5861963318314942
Egg_lysin,.,0.9192764831499867,0.8805580558055772,0.9478330840899004,0.464,0.528,0.8846159287888062,1.0,0.5858022122839872
FN2,.,0.3366429294605103,0.19396939693969298,0.5705305515312293,0.7723577235772358,0.3008130081300813,0.0,0.18897533695766278,0.5845548563547691
leukocidin,.,0.7903553774556097,0.2884788478847874,0.6589118192420828,0.56,0.408,0.7861409270122505,0.6251376234860865,0.5832671250173563
Ribosomal_L5_NC,.,0.9198550243753031,0.5747074707470707,0.760469834400275,0.504,0.544,0.8437217744400374,0.8419212607948245,0.5832171692215699
Ribosomal_S7,.,0.9908624518236809,0.749234923492346,0.7652556070590739,0.424,0.544,0.8437217744400374,0.898303279084005,0.5831205283842885
CoA_trans,.,0.7572934480206233,0.5515301530152983,0.7429442520146702,0.512,0.36,0.6879506012241483,0.6648059827539254,0.5816838349150865
RhoGEF,.,0.898721253732867,0.7599009900990064,0.889137701407747,0.432,0.528,0.6879506012241483,0.8581275340226544,0.5813800541338169
gln-synt_N,.,0.7790057598883755,0.5050405040504026,0.7649309186444274,0.6016260162601627,0.4878048780487805,0.7838334663704092,0.7675998494360301,0.580718413735858
SRP19,.,0.7221045287866799,0.5373537353735357,0.7088585052755804,0.6910569105691057,0.5447154471544715,0.6856524452633395,0.7568412366688667,0.5802169003197276
p450,.,0.560734066719416,0.5979747974797447,0.8713046565112312,0.56,0.48,0.0,0.4854829414195122,0.5783974478720301
GP120,.,0.8299939593489709,0.3308280828082793,0.6683376980968652,0.64,0.568,0.8437217744400374,0.7539082515697103,0.5781259145535305
ricin,.,0.8598228642895428,0.6024302430242995,0.4022535757728312,0.512,0.4,0.6879506012241483,0.6160574496832792,0.5772541840993181
BAG,.,0.8989084288351753,0.7943744374437401,0.8349033755617844,0.4796747967479675,0.5365853658536586,0.7838334663704092,0.9020125587970891,0.5763073379098066
PDZ,.,0.6898678713936887,0.5061206120612036,0.5979737321549847,0.6829268292682927,0.37398373983739835,0.841411195471561,0.6914759542423796,0.5756579121866621
Ribosomal_S30AE,.,0.7714506921224805,0.5169216921692137,0.7228140773538732,0.5853658536585366,0.4959349593495935,0.6856524452633395,0.7198971692072864,0.5710966188969993
aminotran_4,.,0.8573725720411444,0.6370837083708348,0.7733004055912351,0.496,0.48,0.7861409270122505,0.8032377265348695,0.5707449989663015
tryp_alpha_amyl,.,0.8360601342555961,0.6098109810981064,0.5386221026667152,0.5447154471544715,0.4715447154471545,0.6856524452633395,0.6895300821605317,0.570077454388224
HIT,.,0.8506938240724197,0.5220522052205187,0.6565237772698596,0.5284552845528455,0.5203252032520326,0.6856524452633395,0.7151180301369813,0.5700664895009933
PAH,.,0.5688761836698232,0.45180018001799865,0.7706999382142327,0.5772357723577236,0.4959349593495935,0.0,0.4174664381973275,0.5694702966731787
gag_p17,.,0.8954967371976484,0.7453645364536422,0.8422738971317267,0.45528455284552843,0.5121951219512195,0.7838334663704092,0.8709510722463402,0.5688238846869256
hormone5,.,0.6025677020853007,0.406165616561654,0.6035069815888938,0.7560975609756098,0.42276422764227645,0.6856524452633395,0.6201282640670368,0.5684996899980226
BRCT,.,0.613023983936973,0.38361836183618236,0.45046568044964624,0.7073170731707317,0.3170731707317073,0.6856524452633395,0.5143283622286351,0.565691998812838
IF3,.,0.6671005725856539,0.5394689468946865,0.7480506978217715,0.6341463414634146,0.4146341463414634,0.6856524452633395,0.6904064379930623,0.5642438646539284
DEFSN,.,0.11108842321992222,0.06489648964896454,0.5725102148786914,0.9186991869918699,0.17886178861788618,0.0,0.08031076567544226,0.5618563807473252
MurB_C,.,0.8999038600610871,0.7048604860486004,0.7596684119051523,0.488,0.544,0.7861409270122505,0.8537787791923938,0.5617488458591159
CPS,.,0.8915065043348052,0.540819081908188,0.6530041770555403,0.424,0.456,0.6879506012241483,0.6785644104283588,0.5573113032717368
parv,.,0.8008712150216527,0.6170567056705639,0.7464618445958174,0.4959349593495935,0.44715447154471544,0.6856524452633395,0.7248600129943539,0.5559133830223442
DUF50,.,0.835030671192901,0.5688568856885661,0.48002056912686647,0.5772357723577236,0.4146341463414634,0.9140395695245579,0.7237629555333883,0.55254189559166
MIF,.,0.8760815743127695,0.619261926192615,0.7386317326252505,0.5121951219512195,0.5040650406504065,0.8823037874942014,0.837215631104552,0.5517475692049126
hpr,.,0.6574780707351727,0.46260126012600966,0.6530676333381562,0.6422764227642277,0.34959349593495936,0.7838334663704092,0.6439944687837782,0.551490669627991
tyrosinase,.,0.784961331325455,0.578172817281725,0.7618126737647622,0.488,0.424,0.6879506012241483,0.7022721303488095,0.5506654357682114
peroxidase,.,0.7451951300441562,0.6445544554455414,0.777094969326243,0.56,0.36,0.9163526492294042,0.794398969040286,0.5500404920412778
TyrKc,.,0.8575937789802359,0.6124212421242092,0.7713516995361669,0.48,0.464,0.8437217744400374,0.8029698805547442,0.5487826960946083
WW,.,0.1442864800020419,0.08195319531953142,0.5095309404227936,0.8943089430894309,0.1951219512195122,0.0,0.07340717505745922,0.547493895463952
PARP,.,0.859865404085522,0.4906840684068378,0.6812364465917912,0.504,0.472,0.8437217744400374,0.744184502308,0.5474161409013685
COX3,.,0.8618392506189541,0.9170117011701151,0.7729923949210965,0.48,0.496,0.7861409270122505,0.8972802224473725,0.5445997055885536
biotin_lipoyl,.,0.5563439597743689,0.2840684068406826,0.4809428470277532,0.7804878048780488,0.37398373983739835,0.6856524452633395,0.5157612413224557,0.5445223845661494
Amidase,.,0.7200541106204854,0.6375787578757822,0.7564825241767683,0.584,0.392,0.8437217744400374,0.771438401397081,0.5411696124452976
DNA_PPF,.,0.8002756578779447,0.4795229522952283,0.6801325635387121,0.5365853658536586,0.5040650406504065,0.6856524452633395,0.689473210292815,0.5407529911877407
rasgap,.,0.7594629776155594,0.7290279027902759,0.719382093540138,0.52,0.424,0.6879506012241483,0.740316655610027,0.539328295992537
tetR,.,0.4245301479534104,0.42763276327632577,0.7206361722216529,0.6260162601626016,0.35772357723577236,0.0,0.31550511550399296,0.5387397055360846
phycoerythr_ab,.,0.46901826658839346,0.19063906390638954,0.699397400338417,0.7317073170731707,0.5772357723577236,0.0,0.3524018605553099,0.5382005888863952
Peptidase_S24,.,0.7487854888247956,0.4074257425742549,0.5969516378846985,0.6341463414634146,0.4878048780487805,0.7838334663704092,0.6804404462535418,0.536895073983865
Topoisomerase_I,.,0.8703982575699567,0.5614761476147588,0.8030792789809522,0.528,0.584,0.8437217744400374,0.856460746049813,0.5365419426552297
aconitase,.,0.6695253409564648,0.5433843384338399,0.7466621145697188,0.592,0.4,0.6879506012241483,0.6740100474320061,0.5359210403573139
LDLa,.,0.2126309162221258,0.04761476147614734,0.4087905527168978,0.8699186991869918,0.25203252032520324,0.0,0.062081139538799984,0.5352442507159404
pilin,.,0.8962964853620562,0.5066156615661532,0.7120314701501674,0.52,0.656,0.6879506012241483,0.7863538414313613,0.5346373713815726
Elicitin,.,0.7481558998443042,0.6355085508550823,0.7419419976824376,0.5772357723577236,0.4634146341463415,0.7838334663704092,0.7768187567375109,0.5323035554043102
Fe-ADH,.,0.7369168857466158,0.5147164716471623,0.6921760328943775,0.536,0.416,0.6879506012241483,0.6555507660059329,0.5321739024939194
mthina,.,0.1348596612130648,0.06701170117011664,0.5923942728981664,0.8536585365853658,0.17886178861788618,0.0,0.07393168287080511,0.5316207206341077
S_T_dehydratase,.,0.7948901197069859,0.5663816381638129,0.7235632602745801,0.52,0.456,0.7861409270122505,0.7426843370901821,0.5300134125658074
myb_DNA-binding,.,0.32734373005947065,0.19212421242124095,0.49825304052275315,0.7317073170731707,0.2845528455284553,0.0,0.14252044483975929,0.5285099283245178
Dehydratase_SU,.,0.9456936964530317,0.7126012601260093,0.8488996621667271,0.456,0.632,0.8437217744400374,0.9386370686461306,0.5274924093116967
Sm,.,0.517377506657478,0.40450045004500224,0.7127906295688216,0.7398373983739838,0.36585365853658536,0.6856524452633395,0.6033307621082626,0.5271225268894548
Binary_toxA,.,0.8868781745322749,0.5980198019801947,0.6835006182824971,0.416,0.496,0.6879506012241483,0.7166561676714861,0.5247931402171002
GGL,.,0.4187447357002475,0.2731323132313219,0.6953000882618581,0.7073170731707317,0.4796747967479675,0.0,0.32134128292959285,0.5234832015514101
Arginosuc_synth,.,0.7447612241251691,0.6716921692169183,0.7114798164072225,0.536,0.4,0.7861409270122505,0.7437099455102458,0.5230928265292586
GAL4,.,0.14291669857151362,0.10324032403240262,0.5333058292156754,0.8455284552845529,0.17886178861788618,0.0,0.06634011262484911,0.5167963257679653
ptpase,.,0.8365450879297582,0.44243924392439093,0.5939833967777391,0.504,0.448,0.8437217744400374,0.6836653674582536,0.5165332332243034
cytochrome_b,.,0.7646528327250142,0.7711521152115194,0.751535113065652,0.52,0.48,0.6879506012241483,0.7851609399177092,0.514974340196547
transcript_fac2,.,0.8592868628602057,0.7483348334833443,0.7121008259964733,0.408,0.464,0.6879506012241483,0.7535082323726838,0.513378464953474
pgk,.,0.7384568263610607,0.5870837083708333,0.8536036357647475,0.52,0.416,0.8437217744400374,0.7797237912507053,0.5109236731504917
Peptidase_M24,.,0.8475288632515718,0.5878487848784847,0.678974097530518,0.48,0.424,0.9422920499160713,0.7803123212123941,0.5107208960378529
ATP-synt_g,.,0.8597292767383887,0.5695319531953154,0.5067230735759324,0.48,0.496,0.6879506012241483,0.6609052208991365,0.5103481507676983
Plectin,.,0.835319941805559,0.694914491449141,0.8017031252393915,0.472,0.424,0.9832339130199651,0.8632456341728937,0.5069943770676417
phero,.,0.19290095884700134,0.16755175517551657,0.6163476046496948,0.7723577235772358,0.2032520325203252,0.0,0.11551760325431085,0.5061999737643881
NiFeSe_Hases,.,0.5671916077490492,0.5899189918991872,0.8202980566467198,0.6,0.272,0.7861409270122505,0.6726949094956776,0.5058589149127284
DUF28,.,0.8895581816789606,0.6901440144014366,0.7769369761327909,0.448,0.608,0.6879506012241483,0.8266392730593565,0.50518472061972
GTP_cyclohydroI,.,0.880990666768762,0.5435193519351896,0.7746846720893684,0.496,0.576,0.8846159287888062,0.8449192802407332,0.5036527779538397
biopterin_H,.,0.7544177578124335,0.6481098109810952,0.7414797350055771,0.512,0.344,0.9642285122751016,0.781501404051127,0.5015609557080049
Trypan_glycop,.,0.7313271565549571,0.7233573357335721,0.8991407850774833,0.44,0.392,0.6879506012241483,0.7515560406190008,0.5015583122882336
ngf,.,0.7711529135506265,0.48469846984698256,0.5820430738587825,0.6341463414634146,0.5691056910569106,0.7838334663704092,0.735402905074106,0.501435590031989
e3,.,0.18706449883866355,0.11192619261926129,0.6217458287617996,0.7886178861788617,0.22764227642276422,0.0,0.11041523820239228,0.5012275281049803
ENTH,.,0.8252805499544824,0.7612061206120574,0.857315989319556,0.44,0.456,0.8437217744400374,0.85409351004546,0.5009288727476817
B,.,0.2896534708219539,0.3283078307830765,0.44922103695884114,0.7398373983739838,0.2601626016260163,0.0,0.15351118634570143,0.4964062942762896
Propep_M14,.,0.6647438678884097,0.5070657065706544,0.7596394142819981,0.6097560975609756,0.43902439024390244,0.7838334663704092,0.7152372698644095,0.49560312474182167
SpoU_methylase_N,.,0.5138467035912095,0.33753375337533625,0.4931428466769313,0.7560975609756098,0.34959349593495936,0.6856524452633395,0.5072826530993497,0.49397086100237697
MMOB,.,0.6562188927741902,0.3633663366336612,0.526163088360883,0.6504065040650406,0.44715447154471544,0.6856524452633395,0.5712037445919204,0.49186490112249953
HLH,.,0.4162348877374784,0.1885688568856874,0.5760415645434606,0.7073170731707317,0.4796747967479675,0.0,0.25303832197555554,0.49151475442583287
zf-CCHC,.,0.0,0.0,0.5628002978985028,0.926829268292683,0.11382113821138211,0.0,0.0,0.49117056322300645
END,.,0.039221691892765684,0.025472547254725333,0.5487535608380617,0.9024390243902439,0.13821138211382114,0.0,0.016766072353228707,0.490383293619791
VPR,.,0.24534401933008324,0.20504050405040378,0.6104439229135737,0.7886178861788617,0.3333333333333333,0.0,0.19177789393287042,0.48905109363667065
Ribosomal_L22,.,0.8194525979053404,0.616921692169212,0.6054979472944354,0.5447154471544715,0.5203252032520326,0.841411195471561,0.7762340709576449,0.4882733237635138
TPK_B1_binding,.,0.6014446514714514,0.3811431143114293,0.365885924392014,0.7723577235772358,0.3821138211382114,0.8823037874942014,0.5898367794487046,0.4879840639931675
Bac_rhodopsin,.,0.8853552498362217,0.7827632763276297,0.8335125585608781,0.4,0.488,0.8846159287888062,0.8841258169519924,0.48789444607059684
E2_N,.,0.8930804767860333,0.5752025202520216,0.7559322134239316,0.448,0.544,0.8846159287888062,0.8267191734794215,0.48766874737363247
cat3,.,0.8738184571666794,0.5695319531953165,0.779669659515555,0.496,0.616,0.8437217744400374,0.8525103075810767,0.4825433120728187
HMG_box,.,0.4921599156010448,0.30225022502250054,0.45029885504063516,0.6178861788617886,0.43902439024390244,0.0,0.23111800474524224,0.4825328177314654
L15,.,0.8551094548950543,0.5016201620161992,0.7438856469686288,0.536,0.632,0.8437217744400374,0.8305280234390972,0.48112309735638187
cytb,.,0.6073576831125518,0.47704770477047426,0.6950168406848384,0.6504065040650406,0.44715447154471544,0.6856524452633395,0.648557879229922,0.4803422655152953
ghf33,.,0.6896636803729889,0.4635463546354614,0.6805210850954437,0.64,0.488,0.8437217744400374,0.7289387732967398,0.480091982108614
UcrQ,.,0.5708585381624509,0.2747974797479732,0.6045829701892649,0.6178861788617886,0.6341463414634146,0.0,0.3637476350128199,0.4775967033305984
Ribosomal_L6_D,.,0.5248815266681981,0.3529252925292515,0.6118318552265434,0.7560975609756098,0.36585365853658536,0.841411195471561,0.6122650535191512,0.4771887658463384
zf-CCHH,.,0.09237942094829713,0.12803780378037727,0.4964632115678919,0.8780487804878049,0.18699186991869918,0.0,0.05907986019558716,0.47708668151807626
KSI,.,0.9086755659919854,0.7096759675967544,0.7853292253915357,0.4146341463414634,0.5365853658536586,0.9140395695245579,0.8823689594621474,0.47420499837448876
Rop,.,0.3628134119468763,0.48663366336633435,0.4525060729875656,0.6910569105691057,0.34959349593495936,0.0,0.24468512087012606,0.46799004494270413
GLUCAGON,.,0.11024613525953528,0.09815481548154759,0.5677009792919422,0.8455284552845529,0.21951219512195122,0.0,0.07868421989619377,0.46307615608638886
GATase_2,.,0.6719075695312965,0.6149414941494112,0.6053333933202248,0.544,0.344,0.7861409270122505,0.6497786467329497,0.4626752868762951
lipase,.,0.6343364217225214,0.6479747974797443,0.7167421312907678,0.592,0.312,0.9642285122751016,0.7494062971045435,0.46145974930867906
Cu_nir,.,0.7147621600006806,0.4287578757875781,0.6035992984548569,0.504,0.32,0.8846159287888062,0.6131701594161877,0.4601578632906356
toxin,.,0.3830963866697295,0.0901890189018895,0.6241886592488481,0.8373983739837398,0.36585365853658536,0.6856524452633395,0.45779687524826873,0.4559685114185795
Peptidase_M17,.,0.7922441443970833,0.622592259225918,0.79680085504069,0.408,0.432,0.7861409270122505,0.7396395610478707,0.45582295674465173
MCR_alpha,.,0.8276117307741392,0.8538253825382505,0.7903841031192754,0.392,0.4,0.9163526492294042,0.8529843561020658,0.4543703749165347
Peptidase_M16,.,0.6514033878693517,0.6691269126912656,0.8771696039459133,0.536,0.416,0.7861409270122505,0.7721016835139355,0.45387358439845554
FAA_hydrolase,.,0.7970256174651386,0.4270477047704748,0.4646877332845764,0.512,0.44,0.8437217744400374,0.6226865968955891,0.4534031094010582
DNA_polymeraseX,.,0.8819775900354782,0.5800180018001764,0.5973530754432368,0.464,0.488,1.0,0.7970973848895699,0.451391872141871
Isochorismatase,.,0.8388677607902192,0.7716471647164673,0.6578683296319339,0.392,0.336,1.0,0.7921433166255828,0.45084701941608435
neur_chan_memb,.,0.05804129763393655,0.10990099009900926,0.6007086013226699,0.8536585365853658,0.17886178861788618,0.0,0.06545231723906901,0.4495907415519735
lyase_1,.,0.65426206215915,0.7822232223222281,0.6954902858099473,0.536,0.328,0.8437217744400374,0.7402748689753028,0.4490913784402637
hip,.,0.547402094659554,0.3896489648964872,0.5699585662199232,0.6991869918699187,0.37398373983739835,0.7838334663704092,0.5828071953560572,0.44903484842923225
subt,.,0.7481388839259127,0.5288928892889245,0.5688320853026753,0.48,0.432,0.6879506012241483,0.6098860309021934,0.44888050873885676
ACPS,.,0.7838297727524098,0.49810981098109486,0.6022054117622746,0.5609756097560976,0.5772357723577236,0.7838334663704092,0.7291827290113716,0.4459320223462055
mofe,.,0.6461709929639177,0.5810531053105288,0.7659952794171774,0.552,0.448,0.6879506012241483,0.6877968359883503,0.44511360380416676
SAP,.,0.22236402154215268,0.19482448244824374,0.474872476922428,0.7479674796747967,0.2601626016260163,0.0,0.09823130666212022,0.4400884679693786
RNA_pol_H,.,0.4986259645898738,0.3339783978397829,0.3566128791819513,0.7642276422764228,0.36585365853658536,0.6856524452633395,0.4639449959890817,0.43900055937955396
P53,.,0.11395560546891616,0.1569306930693061,0.5761499664567664,0.8292682926829268,0.24390243902439024,0.0,0.10485727224829484,0.436578594926414
NO_synthase,.,0.6744004015756739,0.5044104410441015,0.815697246615384,0.536,0.392,0.9422920499160713,0.7485847608785275,0.43371272662719584
urease_gamma,.,0.7408730867726758,0.576372637263723,0.642899005581604,0.4959349593495935,0.4959349593495935,0.6856524452633395,0.6733958785264939,0.4321067152587017
TIL,.,0.35033223580659706,0.1862286228622853,0.5976049066445094,0.8292682926829268,0.3252032520325203,0.6856524452633395,0.45379506914958584,0.43135857737932487
SUI1,.,0.5884870296162059,0.42623762376237473,0.5325432677838133,0.6666666666666666,0.34959349593495936,0.9140395695245579,0.620397434594693,0.42874264114131694
6PGD,.,0.651097101338302,0.7448244824482432,0.7885041362313817,0.52,0.44,0.6879506012241483,0.7378513573614406,0.4285383400145207
lh2,.,0.3197631384159881,0.2845634563456329,0.7014213275435294,0.6829268292682927,0.43089430894308944,0.0,0.27016336134183133,0.4271611313467058
NHase_alpha,.,0.8487540093757711,0.6166066606660644,0.7997774144639322,0.392,0.528,0.8437217744400374,0.8028941940979316,0.4208587026738797
SRP54M,.,0.7348834834988132,0.5554455445544524,0.5217098702016505,0.5691056910569106,0.5609756097560976,0.6856524452633395,0.6701204741102325,0.41989583757406784
planttoxin,.,0.27969065060363973,0.19833483348334746,0.5966946711166599,0.8455284552845529,0.25203252032520324,0.6856524452633395,0.415277155351621,0.41852140603388205
Fe_hyd_lg_C,.,0.6578183891030058,0.5007650765076493,0.6947460226183105,0.528,0.376,0.8437217744400374,0.6612747739302375,0.41826737628439875
ldh,.,0.6913652722121544,0.7983348334833451,0.6597422325083693,0.472,0.36,0.7861409270122505,0.716402618123504,0.41607471440173166
fbpase,.,0.7709912623259059,0.6393789378937869,0.7241670713680566,0.448,0.488,0.7861409270122505,0.7458961180566859,0.413766688215323
ku,.,0.6171333282285578,0.6430693069306881,0.8818747286783122,0.528,0.424,0.7861409270122505,0.75368870157213,0.4054889371538066
DNA_topoisoIV,.,0.6540493631792541,0.638433843384336,0.7618271999843007,0.464,0.352,0.7861409270122505,0.6796141106923622,0.40271870755686767
Pro_CA,.,0.8408926550788262,0.564671467146711,0.7255818018152786,0.424,0.544,0.8846159287888062,0.7879651965684838,0.4008140726865127
Ribosomal_L30,.,0.3767664650280337,0.3420792079207914,0.5451285599892715,0.7967479674796748,0.3008130081300813,0.7838334663704092,0.5104280999283444,0.3989943850983142
PARATHYROID,.,0.12214877017449823,0.13258325832583182,0.4150888885411123,0.8292682926829268,0.25203252032520324,0.0,0.04888420945652573,0.3988761430383287
NTP_transf_2,.,0.7510145741341024,0.569081908190816,0.840817136575708,0.432,0.504,0.7861409270122505,0.7546275999509264,0.397745963412769
S4,.,0.28788381530922175,0.23969396939693857,0.6224482537003694,0.7967479674796748,0.24390243902439024,0.6856524452633395,0.42136663961846166,0.392899304910631
DNA_photolyase,.,0.664326977887814,0.625202520252021,0.712590277371036,0.504,0.376,0.8846159287888062,0.716122046188793,0.3924250976368445
BChl_A,.,0.6764678356602601,0.28199819981998064,0.6105551923848405,0.64,0.576,0.8437217744400374,0.6704416961118668,0.39208735556429414
PK,.,0.6229612802776998,0.4872187218721841,0.6765036261144043,0.576,0.448,0.7861409270122505,0.6598755878097418,0.390683813132898
alk_phosphatase,.,0.6398665951998094,0.5046804680468014,0.46498684321925254,0.512,0.28,0.8437217744400374,0.54349414860845,0.38864092464430927
zf-TAZ,.,0.6187243165981775,0.5272277227722744,0.73339174152626,0.5691056910569106,0.43089430894308944,0.841411195471561,0.7009008372528212,0.3879024244186353
dsrm,.,0.46603197291065784,0.35486048604860293,0.5164362872199774,0.7073170731707317,0.3252032520325203,0.7838334663704092,0.5131802756542228,0.3878452748589146
BIR,.,0.6170312327182078,0.4291179117911768,0.4433019656523976,0.6504065040650406,0.4146341463414634,0.8823037874942014,0.606900459659203,0.38759768912210313
ghf15,.,0.6129644282226021,0.6937443744374407,0.7155944366114013,0.472,0.304,0.7861409270122505,0.655777251483927,0.3848372850580735
WD40,.,0.7506657478070734,0.49351935193519086,0.6721397030933913,0.472,0.456,0.9163526492294042,0.7141165554713017,0.38462284363452
aldedh,.,0.6015297310634098,0.736498649864984,0.6427910045097334,0.536,0.288,0.9163526492294042,0.7010388979534036,0.383384455309424
KH,.,0.4777814645600959,0.2736723672367229,0.472128405531705,0.6829268292682927,0.34959349593495936,0.6856524452633395,0.4430249441078367,0.381791993463216
ATP-gua_Ptrans,.,0.7134944740805023,0.5664266426642629,0.7117111944173052,0.504,0.52,0.7861409270122505,0.7277206799577659,0.38068037010409395
utg,.,0.4994427286726732,0.42830783078307594,0.6828317818006148,0.6260162601626016,0.3902439024390244,0.6856524452633395,0.5657526685634997,0.37614971789916024
fusion_gly,.,0.40313263057590376,0.45787578757875547,0.5103902896443211,0.6422764227642277,0.5121951219512195,0.0,0.30535272711169587,0.37245300677056314
SNAP-25,.,0.44186086083531145,0.4228172817281704,0.4714767195816646,0.6178861788617886,0.5284552845528455,0.0,0.2909944593275239,0.3712690889687352
ANATO,.,0.49668614989322507,0.33523852385238406,0.4135747631218973,0.6747967479674797,0.36585365853658536,0.6856524452633395,0.4529716317788681,0.3675211380278135
Bac_DNA_binding,.,0.5017483856147426,0.4113411341134097,0.6821195174039048,0.6504065040650406,0.44715447154471544,0.6856524452633395,0.5875769508768606,0.36358110774405783
PEPCK_ATP,.,0.5640947106017679,0.49032403240323813,0.7489666855955184,0.544,0.424,0.6879506012241483,0.6143621375806906,0.36185029275930264
CODH,.,0.47995950211422783,0.5999099909990957,0.8365243098065493,0.464,0.528,0.0,0.43198123313137343,0.35930323580048873
cytochr_c552,.,0.60112134902201,0.5996849684968472,0.7756112804481553,0.472,0.312,0.8846159287888062,0.6758344223146918,0.3533577597142333
thionin,.,0.262393969558522,0.2052655265526543,0.5989987830591061,0.7886178861788617,0.24390243902439024,0.6856524452633395,0.39107769443076257,0.35216540822372056
kunitz,.,0.3625922050077848,0.20639063906390573,0.4520774124713734,0.7723577235772358,0.2845528455284553,0.7838334663704092,0.41655849600763006,0.35004151660838345
thymid_phosphorylase,.,0.6297336157975786,0.6115211521152072,0.6975919831055133,0.52,0.424,0.8437217744400374,0.7028253227783964,0.3467996099560486
urease,.,0.5759462977615558,0.5026552655265495,0.5750933758410716,0.56,0.384,0.7861409270122505,0.5893689759274612,0.341008284501317
PBD,.,0.44612334839242107,0.296759675967595,0.5495289133567345,0.7235772357723578,0.4146341463414634,0.7838334663704092,0.5332986507903218,0.33122301078555083
PABP,.,0.3873248423900559,0.31152115211521003,0.52227695462686,0.7235772357723578,0.3089430894308943,0.7838334663704092,0.474712143547572,0.3308916033035582
ADP_PFK_GK,.,0.634353437640913,0.6045904590459024,0.8067558925541038,0.448,0.368,0.9163526492294042,0.7198682760340716,0.32748100191588214
ATP-sulfurylase,.,0.5362226362762363,0.5010351035103492,0.7164966792925095,0.552,0.432,0.6879506012241483,0.6032291119483645,0.32517160521813976
HMG-CoA_red,.,0.6956958234428307,0.4484698469846961,0.775226130070675,0.488,0.536,0.8846159287888062,0.736405202550597,0.3236806665759401
COX1,.,0.6203153049677973,0.7967146714671447,0.9269009935906757,0.416,0.384,0.8437217744400374,0.789253216075866,0.32143000475194555
Pept_C1-like,.,0.6326518458017475,0.6063456345634531,0.8388111478813276,0.456,0.504,0.6879506012241483,0.7025574178566301,0.3210258724616042
AFOR,.,0.4717408135310583,0.4617911791179093,0.653290336728458,0.616,0.36,0.7861409270122505,0.5778249377389862,0.31755746704848486
AMP-binding,.,0.5826846014446514,0.5917641764176381,0.368026116169357,0.528,0.304,0.7861409270122505,0.5154754318714534,0.31671646342905
il8,.,0.41935730876234717,0.2324032403240313,0.308784479112653,0.7804878048780488,0.34146341463414637,0.8823037874942014,0.4506536440638456,0.3131924365838954
GLA,.,0.16034950696376457,0.05796579657965757,0.5678512400142861,0.8617886178861789,0.23577235772357724,0.6856524452633395,0.3197559444076704,0.3102880921557981
alpha-amylase,.,0.4967712294851833,0.4491449144914464,0.7814428860978022,0.512,0.32,0.7861409270122505,0.5766784660611712,0.30710020628514023
RNA_dep_RNA_pol,.,0.5980840075890995,0.5383888388838853,0.790381910482364,0.592,0.544,0.9163526492294042,0.7864575174366373,0.30254847337899127
lipoxygenase,.,0.2791716650926942,0.4353735373537335,0.7114472831570485,0.568,0.392,0.0,0.2590483554448308,0.30093888757265874
GATA,.,0.38784382790100136,0.1527452745274519,0.4398998565165813,0.7398373983739838,0.3983739837398374,0.6856524452633395,0.39754006347641135,0.29888170009615317
kazal,.,0.3328994274143461,0.1920792079207911,0.35376321861996035,0.7642276422764228,0.3170731707317073,0.6856524452633395,0.3450188939484388,0.2936592644190551
Bacterial_PQQ,.,0.5273828666717714,0.3486948694869465,0.61639865197779,0.536,0.376,0.7861409270122505,0.5254069625519305,0.2845960963349168
FN1,.,0.2530437224023073,0.17020702070206928,0.43761469717943846,0.8130081300813008,0.2601626016260163,0.7838334663704092,0.3689111547189535,0.2826061521024879
voltage_CLC,.,0.6269685290589345,0.7187668766876648,0.8491871716817435,0.4,0.368,0.9422920499160713,0.7619633522254614,0.27516855216989383
hemocyan,.,0.45773671269472593,0.5847434743474313,0.808667323781677,0.544,0.312,0.8846159287888062,0.6582001837342727,0.2742023865309022
chorismate_bind,.,0.586802453695432,0.4374437443744351,0.41613324150204506,0.496,0.36,0.7861409270122505,0.48962313934022944,0.26885865059232744
GBP_PSP,.,0.05830504436900721,0.06233123312331197,0.561606045657717,0.8861788617886179,0.17073170731707318,0.6856524452633395,0.27189674986976203,0.26432280476485753
Beta_elim_lyase,.,0.6183159345567778,0.5187218721872154,0.4853498485120862,0.512,0.376,0.9832339130199651,0.6257118348936421,0.2627279910822353
TFIIS,.,0.27744454937594115,0.17385238523852295,0.22939367367790642,0.8373983739837398,0.2926829268292683,0.7838334663704092,0.3281064266484969,0.2563878388428749
SRF-TF,.,0.5996239482035444,0.4049504950495029,0.0,0.6504065040650406,0.5040650406504065,0.6856524452633395,0.4108958659809888,0.25564330341182456
TonB_dep_Rec,.,0.4294477483685988,0.3992349234923473,0.5823854575385036,0.512,0.288,0.6879506012241483,0.42887776042375714,0.2353744956811719
Ald_Xan_dh_2,.,0.40307307486153293,0.5401440144014369,0.6761830625979475,0.6,0.432,0.6879506012241483,0.5746428671676924,0.2146221313721743
PAP2,.,0.5074742421535346,0.5064356435643543,0.8198450578608103,0.496,0.512,0.6879506012241483,0.6376568773204289,0.21432499552917122
lacI,.,0.34481057028850487,0.30189018901890047,0.3194143006355714,0.6829268292682927,0.3333333333333333,0.6856524452633395,0.3524117411231384,0.20838138534106257
Sec1,.,0.5737852761258156,0.5363636363636324,0.8068265228706145,0.44,0.408,0.9832339130199651,0.7099891825530574,0.20797832607032843
PGI,.,0.542561065877128,0.5698919891989165,0.7658273508377202,0.464,0.4,0.9642285122751016,0.696184899993493,0.19668205666505123
Arch_histone,.,0.44949250023396886,0.38069306930692887,0.4025383444917083,0.6260162601626016,0.43089430894308944,0.7838334663704092,0.48662647665392667,0.19277268554657034
Sec23_NC,.,0.3689136186902847,0.3776777677767756,0.6844803295664836,0.6,0.408,0.7861409270122505,0.5368592108702871,0.1683458757384015
Glu_syn_central,.,0.30334277716804064,0.3089558955895578,0.7545600338367728,0.552,0.4,0.6879506012241483,0.46456016413125284,0.10718379900996551
Gly_radical,.,0.3176701804538145,0.650945094509448,0.7073063376059513,0.44,0.256,0.6879506012241483,0.48212581858974307,0.09542606135569091
psaA_psaB,.,0.37031743195759625,0.7462196219621934,0.6332150328063705,0.512,0.448,0.9163526492294042,0.6695683388349828,0.0
