X,benchmark,alignment,threading,modeller,secondary_structure,solvent_access,co_evolution,sum_scores,weighted_combined_scores
Syntaxin,.,0.95871620338671,1,1,0.675675675675676,0.810126582278481,0.333333333333333,1,1
phc,.,0.881114173432223,0.889793652262424,0.721779474392688,0.693693693693694,0.521739130434783,1,0.979568159407002,0.851443035050936
Clp_N,.,0.913295396353217,0.821643379291201,0.795300797530827,0.726495726495726,0.550724637681159,0.861654166907052,0.968139137605542,0.897009019532928
NusB,.,0.959118972134156,0.858378828537059,0.787102913758916,0.703703703703704,0.552238805970149,0.666666666666667,0.926560264614071,0.943743284597617
Colicin_Pyocin,.,0.899468920637295,0.628897936522625,0.674127231721383,0.758620689655172,0.894736842105263,0.666666666666667,0.925185593773175,0.830423072540387
Egg_lysin,.,0.852391007900021,0.905431664661795,0.756975507060277,0.765217391304348,0.690140845070423,0.528320833573719,0.918141410728075,0.863328377689077
SRP54M,.,1,0.680114740446008,0.73106270442853,0.762886597938144,0.791044776119403,0.528320833573719,0.916662431407383,0.945751612625818
Bcl-2,.,0.952559595390024,0.859766817803276,0.84060927523424,0.641025641025641,0.418918918918919,0.773976031629121,0.914736389792588,0.943695635860415
RuvA,.,0.883801216361617,0.676367169427225,0.75836145981974,0.593220338983051,0.566265060240964,1,0.912145908020748,0.819535861209993
EF_TS,.,0.864025270861983,0.798417692236515,0.584805883222616,0.781818181818182,0.5,0.861654166907052,0.88656817414136,0.821875136286466
Band_41_M,.,0.929958514819013,0.752567780142501,0.66976188142633,0.716981132075472,0.634920634920635,0.666666666666667,0.880747719369363,0.87972237793223
UCR_14kD,.,0.882955401991979,0.654575737947628,0.653882451830035,0.666666666666667,0.837837837837838,0.666666666666667,0.878324013462905,0.80500715713691
Heme_oxygenase,.,0.837327456745513,0.830665309521607,0.784997959521559,0.601694915254237,0.443181818181818,0.861654166907052,0.877426494120759,0.822198938127965
BAG,.,0.84567052365691,0.813407976311652,0.777486606764643,0.745098039215686,0.641791044776119,0.528320833573719,0.875156688553934,0.852779781909485
RRF,.,0.93769167476999,0.715230868881281,0.752451924168401,0.54,0.54320987654321,0.861654166907052,0.874706480075247,0.867271815663168
gag_p17,.,0.90351386962951,0.840843897473861,0.766349946759294,0.637931034482759,0.788732394366197,0.333333333333333,0.85140248178075,0.883709861136696
zf-TAZ,.,0.922185077993291,0.655917460904969,0.55145118715977,0.689655172413793,0.913793103448276,0.528320833573719,0.848653599056709,0.821015077726518
STAS,.,0.894296219152229,0.732118071620246,0.708055277308495,0.721153846153846,0.532258064516129,0.666666666666667,0.846668570062077,0.864945275175965
BIR,.,0.905573744080738,0.600906819653929,0.555846084247119,0.786516853932584,0.807692307692308,0.528320833573719,0.826248499023522,0.825658217673298
Endonuclease_3,.,0.779259711042193,0.761913574535026,0.617235879861502,0.663716814159292,0.493506493506494,0.861654166907052,0.824030438033194,0.737943812621458
Ribosomal_S15,.,0.969188190820325,0.597899509577126,0.740600869681259,0.635294117647059,0.895522388059702,0.333333333333333,0.822434070351438,0.897344168418647
Phage_integrase,.,0.917420899094921,0.492088461182567,0.580787320129195,0.717948717948718,0.457446808510638,1,0.820633192445384,0.816718141901822
Ribosomal_L22,.,0.760962502229613,0.484593319144999,0.467614268177008,0.810810810810811,0.863636363636364,0.773976031629121,0.81943218434574,0.662786844481443
Skp1,.,0.968445945557173,0.798417692236515,0.55443058469536,0.607142857142857,0.704225352112676,0.528320833573719,0.819253441430777,0.876569009899614
RGS,.,0.962197276132499,0.821365781437958,0.63538292609592,0.717948717948718,0.666666666666667,0.333333333333333,0.812195332963522,0.922696741652399
Ribosomal_S7,.,0.845935200262375,0.848015175349313,0.755361773782095,0.63716814159292,0.485294117647059,0.528320833573719,0.801412847995325,0.846236917117498
UcrQ,.,0.942404069115117,0.32867585824003,0.465429776809866,0.733333333333333,0.96,0.666666666666667,0.800362261637042,0.779703037671643
fusion_gly,.,0.938715858156355,0.526788192837975,0.58164466438421,0.703125,1,0.333333333333333,0.796581698261578,0.834092995190254
Ribosomal_L4,.,0.834231891229423,0.733829925048581,0.591250827127455,0.791304347826087,0.453333333333333,0.666666666666667,0.792775525514142,0.808203855443677
TyrKc,.,0.719857074633049,0.713426482835199,0.635883361047294,0.621621621621622,0.5,0.861654166907052,0.787450340057284,0.681441254145955
DSBA,.,0.875751595251932,0.863190524659944,0.845345975993785,0.627118644067797,0.5,0.333333333333333,0.785193417433249,0.899793912743777
Zn_dep_PLPC,.,0.816630896966,0.900897566392153,0.707374327846467,0.703389830508475,0.379746835443038,0.528320833573719,0.782738085721123,0.835980219721046
ENTH,.,0.791860618998026,0.868279818636072,0.877821223079943,0.692307692307692,0.458333333333333,0.333333333333333,0.778511678915553,0.852597819941119
Elicitin,.,0.817890987761584,0.688627741278801,0.58911267150955,0.680851063829787,0.909090909090909,0.333333333333333,0.777624070206996,0.758043091125642
tetR,.,0.955361715104403,0.464467474784862,0.506988071091709,0.641791044776119,0.92156862745098,0.528320833573719,0.777504248076101,0.809811367364736
Dehydratase_SU,.,0.892092498719771,0.857268437124087,0.620195830557784,0.658119658119658,0.645569620253165,0.333333333333333,0.774012081376068,0.858466397727684
formyl_transf,.,0.708424196044811,0.659017303599519,0.698966825752001,0.658119658119658,0.415730337078652,0.861654166907052,0.772644651565452,0.691789056404041
RNA_pol_K,.,0.809737797545412,0.483714259276396,0.575139940275168,0.869047619047619,0.925925925925926,0.333333333333333,0.771175630064823,0.755126305525353
ribonuclease_T2,.,0.755715000834307,0.657166651244564,0.652393860513226,0.654545454545455,0.413333333333333,0.861654166907052,0.770563126688966,0.719576495012434
hpr,.,0.831418263836545,0.53974275932266,0.344258935329846,0.647727272727273,0.854166666666667,0.773976031629121,0.769532171825525,0.674249511372994
MutS_D2,.,0.848346058907806,0.660081428703619,0.524486992711311,0.694915254237288,0.473684210526316,0.773976031629121,0.764902681168038,0.774607174593758
hormone_rec,.,0.844514001967813,0.829878782270751,0.76337396017274,0.576271186440678,0.430232558139535,0.528320833573719,0.764053356332676,0.839228000470821
hormone,.,0.843581880009436,0.822938835939669,0.516713462008063,0.586206896551724,0.535211267605634,0.666666666666667,0.7636805599799,0.770897034594483
transcript_fac2,.,0.859312876516856,0.836587397057465,0.524509518264359,0.694915254237288,0.383561643835616,0.666666666666667,0.761991185755092,0.815023301111079
CH,.,0.937536321110261,0.715277135190154,0.614285475392716,0.68,0.678571428571429,0.333333333333333,0.760072091187691,0.879968092074046
ACPS,.,0.804893064897553,0.571897843990006,0.546770789208333,0.761467889908257,0.733333333333333,0.528320833573719,0.756462267678412,0.740383603433714
SNAP-25,.,0.944607789547576,0.49319885259554,0.4759321331887,0.705882352941177,0.96969696969697,0.333333333333333,0.749420637931006,0.815260106735033
ATP-synt_g,.,0.78722302456314,0.743407050985472,0.762622311039791,0.778761061946903,0.514851485148515,0.333333333333333,0.748701844571928,0.820381380108153
DMRL_synthase,.,0.824530918255206,0.71833071157583,0.388702981091936,0.698275862068966,0.611940298507463,0.666666666666667,0.745258774008112,0.728990930279888
Ald_Xan_dh_1,.,0.849318457740928,0.612288331636903,0.501195548711509,0.563106796116505,0.515625,0.861654166907052,0.743717812071868,0.736383939164991
Propep_M14,.,0.913606103672675,0.500462663088739,0.43493059881536,0.64367816091954,0.721311475409836,0.666666666666667,0.737115601725075,0.771304102375978
SRP19,.,0.869733079397228,0.594614601647081,0.443451614635851,0.653846153846154,0.96969696969697,0.333333333333333,0.73243338065413,0.750146800247497
Arch_histone,.,0.912691243232047,0.477977236976034,0.400593183971419,0.632352941176471,0.910714285714286,0.528320833573719,0.731839741077221,0.753121960554316
transketolase_C,.,0.864192132200211,0.723512538169704,0.496264645347128,0.717948717948718,0.53125,0.528320833573719,0.731499602180735,0.801648403008499
Rop,.,0.915245947858709,0.506292218006848,0.382950426617806,0.593220338983051,0.930232558139535,0.528320833573719,0.729968190207088,0.746820090804353
parv,.,0.946213110698113,0.669751087258259,0.642149717406195,0.725490196078431,0.53125,0.333333333333333,0.727602197433631,0.906033847434478
COX3,.,0.669597288790946,0.732858332562228,0.632845445801626,0.777777777777778,0.689189189189189,0.333333333333333,0.723914393544992,0.683179721642154
MurB_C,.,0.809254475048476,0.748635143888222,0.549885893787698,0.615384615384615,0.571428571428571,0.528320833573719,0.720195602148765,0.752103189706221
HMG_box,.,0.908122694868151,0.394512815767558,0.473278592031115,0.712328767123288,1,0.333333333333333,0.71980492764476,0.773375430699491
SAM_PNT,.,0.927455594745594,0.488387156472657,0.551931178565951,0.636363636363636,0.875,0.333333333333333,0.717137013462483,0.813006833118519
gluts,.,0.856608572069713,0.770704173221061,0.782306100559872,0.641025641025641,0.423913043478261,0.333333333333333,0.715795032686409,0.868608024022605
SCP2,.,0.807367215774726,0.561811788655501,0.600345768346725,0.640776699029126,0.528571428571429,0.666666666666667,0.715106087220234,0.740694210974599
NHase_alpha,.,0.705161769190492,0.6556861293606,0.630479310323824,0.677966101694915,0.602150537634409,0.528320833573719,0.713414007646828,0.682693411289425
uce,.,0.861873334982767,0.522346627186083,0.528227142626951,0.52,0.5,0.861654166907052,0.711754591041623,0.737073271996145
MIP,.,0.784507212437499,0.614694179698344,0.478697947727206,0.6,0.648648648648649,0.666666666666667,0.711494806536585,0.686527139603668
Bac_rhodopsin,.,0.776307991507333,0.798834089016379,0.687766642358118,0.6,0.4,0.528320833573719,0.710913159482968,0.770328301165156
PAH,.,0.935700846389753,0.517719996298695,0.582676985894951,0.662790697674419,0.753846153846154,0.333333333333333,0.709400793244365,0.842412088085403
Bacteriofer,.,0.894307726830728,0.670398815582493,0.478405226282691,0.769230769230769,0.443037974683544,0.528320833573719,0.708707344087913,0.831110788187838
RNA_pol_H,.,0.751670051842092,0.353567132414176,0.400458429335491,0.611111111111111,0.979166666666667,0.666666666666667,0.702536247378354,0.5929625925698
PBD,.,0.880671127810031,0.36457851392616,0.504672346782772,0.742857142857143,0.932203389830508,0.333333333333333,0.701269227157177,0.764404417969888
ANATO,.,0.964970626650632,0.413667067641344,0.257819424856405,0.675675675675676,0.91304347826087,0.528320833573719,0.699857302160667,0.764741956089997
MCR_alpha,.,0.69663457942312,0.834412880540393,0.628878999351587,0.711864406779661,0.352112676056338,0.528320833573719,0.699484383580246,0.718061185819386
annexin,.,0.724229992462471,0.748773942814844,0.717193431265224,0.666666666666667,0.520547945205479,0.333333333333333,0.687330743526169,0.741953150325727
utg,.,0.911839675023159,0.523179420745813,0.551010753902796,0.638888888888889,0.745454545454545,0.333333333333333,0.685268359518907,0.813675169550334
Arginosuc_synth,.,0.58737492591932,0.661469417969834,0.71731990216778,0.747826086956522,0.322916666666667,0.666666666666667,0.685229403996165,0.629857022577321
DAP_epimerase,.,0.714459973417263,0.661469417969836,0.536473089771638,0.649122807017544,0.467741935483871,0.666666666666667,0.682990899099034,0.668016617894895
GGL,.,0.879554882995679,0.297908762838901,0.458146315316767,0.75,0.970149253731343,0.333333333333333,0.680986340617485,0.744777028521079
ung,.,0.726163282450215,0.541223281206626,0.656408060249763,0.610169491525424,0.375,0.773976031629121,0.679183646392118,0.684846216713871
Ribosomal_L12,.,0.868162281282186,0.426852965670399,0.308605530942457,0.8,0.75,0.528320833573719,0.678891068860044,0.730044926165998
aspg,.,0.743010523771987,0.472887942999907,0.269299695063371,0.62962962962963,0.565217391304348,1,0.678335402709644,0.584581126808377
Topoisomerase_I,.,0.684488224767976,0.762191172388268,0.719537063338998,0.610169491525424,0.568181818181818,0.333333333333333,0.67770717331505,0.69924171593388
Peptidase_M24,.,0.620620609101423,0.592810215601,0.588564505420696,0.601694915254237,0.411764705882353,0.861654166907052,0.677475116364368,0.581177684457001
dNK,.,0.836027089075185,0.680947534005737,0.641057815032429,0.61864406779661,0.369047619047619,0.528320833573719,0.676577297327312,0.801373599541245
rasgap,.,0.720887011858663,0.725131858980291,0.802299799163764,0.686440677966102,0.401960784313726,0.333333333333333,0.675407763506598,0.766717788359533
SRF-TF,.,0.831941863208226,0.462292958267789,0.480745735344686,0.666666666666667,0.887323943661972,0.333333333333333,0.673137265477201,0.721378308609725
RuBisCO_small,.,0.785698257162091,0.605302118996947,0.67065120886581,0.700854700854701,0.565789473684211,0.333333333333333,0.672939366588028,0.768642463747237
L15,.,0.739972496648389,0.490469140371981,0.383472080330065,0.613861386138614,0.765625,0.666666666666667,0.672481595692869,0.610409357588649
Dala_Dala_ligas_C,.,0.729517770732521,0.557832886092348,0.564308050781058,0.601851851851852,0.430555555555556,0.773976031629121,0.671888367614267,0.664237193692369
urease_gamma,.,0.790658066594935,0.506384750624595,0.554804570893198,0.604938271604938,0.672413793103448,0.528320833573719,0.671735459110554,0.703212201203238
PGAM,.,0.739483420312203,0.602017211066901,0.449639474868892,0.714285714285714,0.466666666666667,0.666666666666667,0.666238323209003,0.673744646924553
Isochorismatase,.,0.735070225608037,0.593966873322846,0.59532675618193,0.619469026548673,0.558441558441558,0.528320833573719,0.663846252323971,0.686745522599709
VPR,.,0.862212811498472,0.232071805311373,0.426678350274565,0.822222222222222,0.953488372093023,0.333333333333333,0.663673853402384,0.729578257062305
E2_N,.,0.611598589158616,0.675441843249747,0.605064329059126,0.735294117647059,0.662162162162162,0.333333333333333,0.661589837969924,0.619283531995455
Bac_DNA_binding,.,0.836101888985425,0.389608587026927,0.432131361406108,0.596774193548387,0.830188679245283,0.528320833573719,0.658727505935314,0.688542087194611
MMOB,.,0.819030247932933,0.437864347182382,0.280977062475186,0.595744680851064,0.945454545454545,0.528320833573719,0.657047456905846,0.638892508914743
ghf15,.,0.567247996225481,0.824326825205887,0.766926352848281,0.61864406779661,0.297297297297297,0.528320833573719,0.655691321352622,0.630851833948346
SRP54,Fold,0.62200153052124,0.677107430369205,0.674311777353624,0.672727272727273,0.417721518987342,0.528320833573719,0.652593359672758,0.639498925741883
S-AdoMet_syntD2,.,0.77322968750899,0.478995095771259,0.304156291235245,0.646551724137931,0.714285714285714,0.666666666666667,0.650159885858518,0.628064562424066
GAF,.,0.799001133506332,0.457111131673916,0.456817351985023,0.608247422680412,0.483870967741935,0.773976031629121,0.648735539576883,0.683937440440026
NTP_transf_2,.,0.633002871165785,0.834829277320258,0.642453690552723,0.694915254237288,0.435294117647059,0.333333333333333,0.647213225194729,0.671782930558625
ptpase,.,0.728338233686427,0.669380956787268,0.652161074316052,0.621359223300971,0.569230769230769,0.333333333333333,0.647205913624429,0.712153063937836
Fe-ADH,.,0.664539664090865,0.796104376792819,0.552706394255873,0.58974358974359,0.440677966101695,0.528320833573719,0.646704647844607,0.64583017549733
ADP_PFK_GK,.,0.485923232276737,0.682150458036458,0.506786249224092,0.641025641025641,0.393939393939394,0.861654166907052,0.646524834623492,0.471437767393163
Nitroreductase,.,0.78079598612174,0.579439252336449,0.667521951062848,0.650485436893204,0.548780487804878,0.333333333333333,0.643265811766942,0.754495903598583
tryp_alpha_amyl,.,0.871039200906805,0.654622004256502,0.542443845313461,0.666666666666667,0.483333333333333,0.333333333333333,0.640652760113595,0.816230319383943
GroEL,.,0.749828823282335,0.773989081151106,0.642681028091048,0.593220338983051,0.441558441558442,0.333333333333333,0.635722238969878,0.743550066276288
galpha,.,0.655017060133374,0.634079763116499,0.627492736505848,0.672897196261682,0.415384615384615,0.528320833573719,0.635306509049704,0.65184558068053
cat3,.,0.654355368619711,0.519987045433515,0.452543078459026,0.686868686868687,0.689189189189189,0.528320833573719,0.634741591469714,0.583920517370144
citrate_synt,.,0.626805986294355,0.659757564541501,0.577052065146912,0.756756756756757,0.575,0.333333333333333,0.633991935201097,0.633674368365421
CARD,.,0.950867966650748,0.49629869529009,0.320677544050247,0.693877551020408,0.733333333333333,0.333333333333333,0.633898969361202,0.802665757215442
S4,.,0.813190101094956,0.275654668270565,0.336345971010256,0.729166666666667,0.842105263157895,0.528320833573719,0.632842703989284,0.657345646752879
eIF6,.,0.680667675506482,0.738271490700472,0.382562674804217,0.681818181818182,0.370967741935484,0.666666666666667,0.631720760470538,0.628016196577553
DNA_polymeraseX,.,0.726462482091175,0.479180161006755,0.409548010491991,0.697916666666667,0.432835820895522,0.773976031629121,0.631417422839648,0.635221796257091
Recep_L_domain,.,0.722877840238899,0.536180253539373,0.564416957510982,0.547169811320755,0.482142857142857,0.666666666666667,0.631281237361951,0.650272254318284
mdm2,.,0.842062866447637,0.603220135097622,0.437656412224265,0.648936170212766,0.650793650793651,0.333333333333333,0.630269831769519,0.749786290996842
Aldolase_II,.,0.742297047705081,0.668825761080782,0.474645097951271,0.581818181818182,0.380952380952381,0.666666666666667,0.630036178939023,0.673781658029432
ricin,.,0.755933646725778,0.76950124919034,0.631414574830186,0.623931623931624,0.394736842105263,0.333333333333333,0.628174454164761,0.753873914730808
cytb,.,0.879767775047901,0.530767095401128,0.510770525634999,0.563218390804598,0.685185185185185,0.333333333333333,0.626472389089133,0.772242599347131
PX,.,0.886891028038459,0.590265568612936,0.514211907423742,0.591836734693878,0.584615384615385,0.333333333333333,0.62591909043513,0.796954218253674
B,.,0.85981346053154,0.368372351253817,0.424493139064281,0.647058823529412,0.864864864864865,0.333333333333333,0.624976199800832,0.720427811521929
BRCT,.,0.785220688504405,0.451836772462293,0.12703414105271,0.761363636363636,0.843137254901961,0.528320833573719,0.624676557842355,0.613610170984539
ATP-synt,.,0.568059287559624,0.708244656241326,0.609578277127427,0.566371681415929,0.513513513513513,0.528320833573719,0.62384879147342,0.561382846739022
ech,.,0.763517206856275,0.706394003886369,0.441012631032216,0.623931623931624,0.430232558139535,0.528320833573719,0.623649725121015,0.698766542885768
KH,.,0.804076019724161,0.334505413158139,0.36302395028874,0.676056338028169,0.978260869565217,0.333333333333333,0.622432888193544,0.654763924792926
KAS,.,0.598922881292542,0.576385675950773,0.643857628316193,0.607142857142857,0.394736842105263,0.666666666666667,0.621980669808254,0.586895132413423
Binary_toxA,.,0.726134513253969,0.569815860090683,0.52347473821243,0.703296703296703,0.626666666666667,0.333333333333333,0.620518350973762,0.68093942899159
cat,.,0.462890613762033,0.516563338576849,0.556069789346211,0.640449438202247,0.638888888888889,0.666666666666667,0.620168770816312,0.438856923526939
Amidase_2,.,0.771923565999413,0.433700379383733,0.335383972637101,0.642105263157895,0.435483870967742,0.861654166907052,0.619794450065597,0.637315670031456
HIT,.,0.767355017635517,0.336633663366337,0.479226445486556,0.571428571428571,0.551020408163265,0.773976031629121,0.619615399190735,0.639496681628188
PTS_EIIA_2,.,0.82691876154364,0.689599333765153,0.541077937416837,0.63716814159292,0.449275362318841,0.333333333333333,0.618951074749444,0.781687370744881
HLH,.,0.941259055104518,0.195984084389747,0.350291763499412,0.646153846153846,1,0.333333333333333,0.615918225563203,0.742213267281587
DNA_ligase_N,.,0.569273347641214,0.408022577958731,0.449151244027378,0.65625,0.605263157894737,0.773976031629121,0.61442807499476,0.489470501433977
myb_DNA-binding,.,0.896131693872737,0.216248727676506,0.358024695049528,0.781818181818182,0.871794871794872,0.333333333333333,0.61308468198168,0.740226907250137
arginase,.,0.712469145037026,0.68515776811326,0.566155256876025,0.627118644067797,0.329268292682927,0.528320833573719,0.61048818536253,0.689766506302292
voltage_CLC,.,0.519220700012083,0.769177385028223,0.598450587475062,0.704347826086957,0.520547945205479,0.333333333333333,0.609488398976834,0.558333127541142
lyase_1,.,0.55568853317376,0.674053853983529,0.632523443353052,0.666666666666667,0.386363636363636,0.528320833573719,0.609060371978377,0.577740178055932
pot,.,0.739874681381152,0.256269084852411,0.290485575727775,0.558823529411765,0.926829268292683,0.666666666666667,0.607692569997849,0.544953909079079
RhoGEF,.,0.850935286569964,0.847413713333952,0.533726987860676,0.735042735042735,0.471264367816092,0,0.607526811553918,0.849342255371673
PH,.,0.781733861919366,0.463773480151754,0.556383286571215,0.78021978021978,0.517857142857143,0.333333333333333,0.606037691712081,0.741865641649426
Ribosomal_L6_D,.,0.832033924636214,0.26866845563061,0.512609425847574,0.521739130434783,0.631578947368421,0.666666666666667,0.606036421684198,0.684259534071658
ghf22,.,0.801089777153806,0.42329045988711,0.347018946825187,0.728395061728395,0.46551724137931,0.666666666666667,0.605650122660859,0.684952291484886
Topoisom_bac,.,0.529393487804738,0.714675673174796,0.489113790035045,0.603448275862069,0.565789473684211,0.528320833573719,0.605287784967633,0.506943578270463
thymid_phosphorylase,.,0.484645879963406,0.730221152956417,0.426770025067153,0.761061946902655,0.358024691358025,0.666666666666667,0.604305869638171,0.491108629012044
dsrm,.,0.812959947524986,0.408438974738596,0.22066904713256,0.764705882352941,0.886363636363636,0.333333333333333,0.604036437906867,0.660057846674188
MoCF_biosynth,.,0.845860400352135,0.645600074026095,0.144850546720865,0.709401709401709,0.552238805970149,0.528320833573719,0.603978290333866,0.700232625732381
Trypan_glycop,.,0.708464472919555,0.604793189599333,0.575346701374181,0.707547169811321,0.3,0.528320833573719,0.603450877619504,0.694769752480334
peroxidase,.,0.646904146791947,0.614786712316093,0.603424570682782,0.646017699115044,0.384615384615385,0.528320833573719,0.603332790040596,0.636025712419481
tyrosinase,.,0.754535463788213,0.671416674377719,0.631296476257081,0.641025641025641,0.386666666666667,0.333333333333333,0.601634789864191,0.745535399577492
zf-CCHH,.,0.799237040915551,0.133848431572129,0.341378687880998,0.857142857142857,0.952380952380952,0.333333333333333,0.601355568560848,0.655325066790391
HMG-CoA_red,.,0.623042975425353,0.793976126584622,0.392077029860755,0.700854700854701,0.565789473684211,0.333333333333333,0.59893894861702,0.597110192190249
S_T_dehydratase,.,0.616000276184284,0.567224946793744,0.597155002716024,0.688073394495413,0.410958904109589,0.528320833573719,0.598546237165514,0.60927695068321
capsid_n,.,0.843806279740157,0.82594614601647,0.511683884760865,0.698275862068966,0.523076923076923,0,0.597097535640824,0.826952891151277
Astacin,.,0.68158828978636,0.510780049967613,0.560722146638692,0.643564356435644,0.327868852459016,0.666666666666667,0.593699029959359,0.639751809092522
MBD,.,0.74994390006732,0.236374572036643,0.375957837126076,0.620689655172414,0.739130434782609,0.666666666666667,0.592987816149229,0.592765969447254
OMPdecase,.,0.725639683078534,0.732349403164616,0.499124526772351,0.603448275862069,0.485714285714286,0.333333333333333,0.590305763142548,0.687110608935893
DNA_topoisoIV,.,0.558968221545826,0.538308503747571,0.602781341001324,0.623655913978495,0.380952380952381,0.666666666666667,0.587880699758977,0.545227770105423
Fapy_DNA_glyco,.,0.702825710455301,0.677338761913577,0.563540565099014,0.601769911504425,0.478260869565217,0.333333333333333,0.583701289755005,0.676818434653428
Haloperoxidase,.,0.79447861585643,0.681872860183214,0.709687881551472,0.572649572649573,0.256410256410256,0.333333333333333,0.581170699496559,0.794507390272733
IF4E,.,0.759627611523789,0.579994448042935,0.511888408808887,0.651785714285714,0.507692307692308,0.333333333333333,0.579966238296636,0.707206883558364
PABP,.,0.92446359833599,0.370870731933007,0.307780967236616,0.571428571428571,0.641025641025641,0.528320833573719,0.579839811758224,0.741299505165571
MIF,.,0.797441843069788,0.67692236513371,0.570480606041477,0.654545454545455,0.639344262295082,0,0.57832912461459,0.770661325600817
Amino_oxidase_D2,.,0.829398666260062,0.364902378088276,0.486879684863748,0.460526315789474,0.523809523809524,0.666666666666667,0.576409551676562,0.685024122944659
Peptidase_M16,.,0.588704062785894,0.656426390302581,0.609010952136522,0.504273504273504,0.440860215053763,0.528320833573719,0.575065449075964,0.567927179571001
TIR,.,0.838345886292629,0.536041454612751,0.520096060298491,0.571428571428571,0.528089887640449,0.333333333333333,0.57498904334719,0.753925553662933
phoslip,.,0.804668665166833,0.636022948089201,0.453588268550219,0.612612612612613,0.485714285714286,0.333333333333333,0.574580275640318,0.732622133441788
glnasn,.,0.624751865682377,0.569121865457575,0.604988136431317,0.607843137254902,0.385964912280702,0.528320833573719,0.573130079612981,0.607373758712857
Spermine_synth,.,0.594492425070628,0.623253446840011,0.491254692131395,0.601769911504425,0.47887323943662,0.528320833573719,0.572243382377864,0.556504092471693
int,.,0.7852552115399,0.542426205237345,0.374294512192758,0.695652173913043,0.388235294117647,0.528320833573719,0.57113572420907,0.698997327508612
UPP_synthetase,.,0.694689781756877,0.51383362635329,0.547019013272246,0.735849056603774,0.488095238095238,0.333333333333333,0.570736010107704,0.669731424912309
Mur_ligase,.,0.647514053752366,0.66618858147497,0.601771412149513,0.621621621621622,0.441176470588235,0.333333333333333,0.570380131162528,0.644795382458953
RNA_dep_RNA_pol,.,0.424978566948797,0.62621449060794,0.598908695649766,0.616822429906542,0.514285714285714,0.528320833573719,0.569772218051232,0.442200820227774
lh2,.,0.859393430266345,0.32617747756084,0.522160216041538,0.607142857142857,0.981132075471698,0,0.565809398984674,0.740753492342512
Glyco_transf_28,.,0.6397003400519,0.722772277227723,0.543459665804516,0.645454545454546,0.41025641025641,0.333333333333333,0.565507753260528,0.638016577991175
kazal,.,0.788172408039264,0.231933006384751,0.312167912825888,0.678571428571429,0.947368421052632,0.333333333333333,0.56450272243399,0.622651854701032
Beta_elim_lyase,.,0.522005558208715,0.656935319700195,0.567592329572984,0.709401709401709,0.5,0.333333333333333,0.563835177190251,0.544286384336755
RING,.,0.784863950470952,0.204404552604793,0.265479188504216,0.627118644067797,0.875,0.528320833573719,0.562639393469623,0.593018029278717
CoA_trans,.,0.635557575792448,0.612057000092533,0.472764136750263,0.609090909090909,0.287671232876712,0.666666666666667,0.562235147495831,0.591830108544436
thionin,.,0.77534710035271,0.230683816045156,0.203517078832237,0.733333333333333,1,0.333333333333333,0.560010389486601,0.593661497464574
SUI1,.,0.798575349401888,0.362727861571204,0.297825569825062,0.666666666666667,0.62,0.528320833573719,0.559395550018151,0.652781243769153
neur_chan_memb,.,0.816274158932548,0.127787545109651,0.341907196714857,0.652173913043478,1,0.333333333333333,0.558621973324378,0.632699520072016
ldh,.,0.688222466440733,0.486212639955585,0.607622097855476,0.6875,0.460674157303371,0.333333333333333,0.556303865496559,0.668869462569706
P53,.,0.816170589826061,0.192884241695198,0.415336833985899,0.838709677419355,1,0,0.556168100307463,0.703844788070248
icd,.,0.647657899733597,0.544184324974554,0.445758833721218,0.704545454545455,0.389830508474576,0.528320833573719,0.555346659811775,0.6041805595207
tms,.,0.522920418649344,0.549227352641807,0.608755086660808,0.603448275862069,0.44047619047619,0.528320833573719,0.553251751261838,0.518792302419189
cytochrome_b,.,0.506867207143967,0.650781900619969,0.552893265535184,0.675213675213675,0.526315789473684,0.333333333333333,0.55098300499858,0.520871578699443
alk_phosphatase,.,0.392722544117563,0.604700656981586,0.688786604715859,0.756756756756757,0.461538461538462,0.333333333333333,0.54876587849207,0.470113944115225
biopterin_H,.,0.595884854168944,0.608216896456,0.611754529059237,0.576271186440678,0.511904761904762,0.333333333333333,0.548627346113763,0.58654255403251
lacI,.,0.899290551620569,0.357222170815213,0.334154486090139,0.719298245614035,0.926829268292683,0,0.548460086532115,0.757826219137093
Rhodanese,.,0.7788281730985,0.477098177107431,0.298469779600642,0.64367816091954,0.509090909090909,0.528320833573719,0.548076631988231,0.653535670940808
hip,.,0.799524732878013,0.370500601462015,0.316006941502778,0.582278481012658,0.829787234042553,0.333333333333333,0.546888575389973,0.640782490390575
Dehydratase_MU,.,0.697129409598555,0.768205792541872,0.0553329689819591,0.542372881355932,0.304347826086957,0.861654166907052,0.546188793919441,0.546054921412932
mutT,.,0.802856205803322,0.434163042472471,0.320179888800847,0.632075471698113,0.5,0.528320833573719,0.542834570498993,0.671922283567534
sh2,.,0.783494536729633,0.278615712038494,0.281512791889472,0.577464788732394,0.520833333333333,0.773976031629121,0.542336972605324,0.607153032109267
Hydrolase,.,0.667589198892961,0.406727121310262,0.425554553312414,0.736263736263736,0.442622950819672,0.528320833573719,0.539753005832287,0.602524301947791
PGI,.,0.454679885153369,0.615897103729064,0.660099770259293,0.68141592920354,0.46,0.333333333333333,0.539268849764046,0.503602602911698
NO_synthase,.,0.529813518069932,0.558850744887573,0.560200094244079,0.649484536082474,0.573333333333333,0.333333333333333,0.539148581763318,0.523745406658773
Fz,.,0.807275154346738,0.58078097529379,0.594803330548094,0.669491525423729,0.552238805970149,0,0.539023828815742,0.782288129042333
Mur_ligase_C,.,0.862770933905648,0.649023780882762,0.261802618733973,0.7,0.396551724137931,0.333333333333333,0.538699353119759,0.760339385203484
SCP,.,0.760640287231655,0.55320625520496,0.419602757331464,0.796116504854369,0.671875,0,0.538101154811602,0.715297022496958
PARATHYROID,.,0.804588111417343,0.176783566207088,0.338781405233481,0.911764705882353,0.967741935483871,0,0.537579286476276,0.690226894826994
LMWPc,.,0.80347762044224,0.473720736559638,0.459573642445052,0.75,0.378787878787879,0.333333333333333,0.537354693198977,0.745136192796285
blmb,.,0.726186297807212,0.40515406680855,0.387281002951911,0.530864197530864,0.375,0.773976031629121,0.537228227196364,0.600077908195826
aakinase,.,0.621736853915775,0.410937355417785,0.478953525265664,0.716216216216216,0.44,0.528320833573719,0.536555245991931,0.574244518157024
PGM_PMM_III,.,0.806193432567881,0.260941982048672,0.480381007437087,0.535714285714286,0.431372549019608,0.666666666666667,0.532190953235463,0.672331646524888
DHHA2,.,0.814168253767326,0.571157583048024,0.456317470759141,0.548387096774194,0.454545454545455,0.333333333333333,0.531206236760882,0.726086265151324
tRNA-synt_2d,.,0.666196769794645,0.407744980105487,0.50537555600961,0.613636363636364,0.449275362318841,0.528320833573719,0.529049905343146,0.598720368179468
6PGD,.,0.455376099702526,0.676644767280467,0.681048357401012,0.641025641025641,0.380434782608696,0.333333333333333,0.528262630536786,0.514535292517697
DEFSN,.,0.724972237725622,0.104561858054964,0.231818034451693,0.866666666666667,0.904761904761905,0.333333333333333,0.527750177687929,0.573433394446999
cytc,.,0.849847810951858,0.366567965207736,0.398895627728136,0.642857142857143,0.574074074074074,0.333333333333333,0.527592516442821,0.727140147673304
PAN,.,0.708642841936282,0.422642731562876,0.50667408658827,0.542168674698795,0.454545454545455,0.528320833573719,0.526836169316654,0.623323987943515
PK,.,0.355190250694776,0.719764967150921,0.465736695776016,0.661016949152542,0.430769230769231,0.528320833573719,0.526192815930163,0.380091629029357
fbpase,.,0.605090996967727,0.674331451836773,0.25725347587335,0.757009345794392,0.532258064516129,0.333333333333333,0.525746784036097,0.552194010707297
msb,.,0.703648509467942,0.280466364393449,0.41019732007936,0.734177215189873,0.5,0.528320833573719,0.525024105019272,0.610500575723227
protg,.,0.762993607484594,0.271583233089664,0.370309006511258,0.821428571428571,0.921052631578947,0,0.522257187134545,0.662459483086966
Amidase,.,0.522241465617933,0.675025446469882,0.51298589273562,0.735042735042735,0.365853658536585,0.333333333333333,0.521412004180096,0.54851375117311
pgk,.,0.535987387584366,0.673267326732674,0.560532661775056,0.632478632478632,0.40506329113924,0.333333333333333,0.520292748601398,0.550582905047782
Peptidase_S21,.,0.78147493915315,0.579855649116314,0.499804147293196,0.6,0.345679012345679,0.333333333333333,0.52014168851408,0.725904732574859
GATA,.,0.722900855595896,0.183445914684926,0.277811596562251,0.5,0.923076923076923,0.528320833573719,0.518796507533059,0.519539383872301
Levi_coat,.,0.742389109133069,0.265152216156195,0.476591886038864,0.592592592592593,0.714285714285714,0.333333333333333,0.515511530708296,0.627648537006561
cyclo,.,0.631414811532995,0.537892106967706,0.417041632958627,0.641025641025641,0.367088607594937,0.528320833573719,0.515054083543028,0.575772268908243
Histidine_kinase,.,0.664769817660834,0.423891921902471,0.448628283522957,0.67,0.578313253012048,0.333333333333333,0.513926880004891,0.597776876494419
sugbp,.,0.681093459610925,0.681225131858981,0.430286270542524,0.627118644067797,0.36144578313253,0.333333333333333,0.512627692524632,0.643539250293968
cytochr_c552,.,0.568105318273618,0.755112427130565,0.509868196720948,0.689655172413793,0.255555555555556,0.333333333333333,0.511785996125804,0.594434565978097
actin,.,0.603531706531183,0.548718423244194,0.667825525527022,0.554545454545455,0.397727272727273,0.333333333333333,0.510043108545486,0.603277687118203
Pep_deformylase,.,0.729609832160509,0.30970667160174,0.465195506628371,0.714285714285714,0.357142857142857,0.528320833573719,0.509626951101715,0.65371226748421
Pro_CA,.,0.814760899209998,0.706070139724253,0.361408334343882,0.61864406779661,0.602564102564103,0,0.509388481295487,0.73998529632165
cryst,.,0.623543559440036,0.310631997779218,0.424250452255296,0.555555555555556,0.520833333333333,0.666666666666667,0.508812436561739,0.514072418184423
alpha-amylase,.,0.65164531033332,0.622744517442399,0.627722687628499,0.596491228070175,0.263888888888889,0.333333333333333,0.507155308555481,0.657984250111317
AMP-binding,.,0.305517356456095,0.640557046358843,0.468998316120776,0.678571428571429,0.314285714285714,0.666666666666667,0.50093494305074,0.335400911658718
pilin,.,0.690495232944182,0.269640048116962,0.363766219311841,0.744444444444444,0.670731707317073,0.333333333333333,0.500294564500767,0.589047463107232
Plectin,.,0.691835877489255,0.488479689090404,0.517780801118969,0.659574468085106,0.376811594202899,0.333333333333333,0.498948134022371,0.654456012318154
AP_endonucleas1,.,0.607944901235349,0.477699639122789,0.403309417929299,0.596330275229358,0.450704225352113,0.528320833573719,0.497920714866357,0.534207062948729
zf-CCHC,.,0.777274636501205,0.000277597853243274,0.24494102857028,0.705882352941177,1,0.333333333333333,0.497158797099484,0.575161600412806
ATP-sulfurylase,.,0.466354424990075,0.590959563246044,0.55321278729355,0.692307692307692,0.415730337078652,0.333333333333333,0.494284164610422,0.492435772727031
bv,.,0.633911977767165,0.394744147311928,0.599592967464751,0.593220338983051,0.483870967741935,0.333333333333333,0.490409326300308,0.596712810574669
ku,.,0.449271276259084,0.468261312112519,0.604723721433994,0.62,0.363636363636364,0.528320833573719,0.489102450707156,0.457746479940272
Peptidase_S11,.,0.639429909607185,0.684047376700287,0.621935724652247,0.672413793103448,0.411764705882353,0,0.48774817499946,0.673650642209407
fkbp,.,0.705092723119501,0.209169982418802,0.358474707757528,0.633802816901408,0.588235294117647,0.528320833573719,0.485845052493119,0.570663829124556
Sec1,.,0.415432947634309,0.55811048394559,0.522590438600426,0.575221238938053,0.418918918918919,0.528320833573719,0.484526084314541,0.411170417027714
dCMP_cyt_deam,.,0.770157137349897,0.44869066345887,0.165743207587811,0.525773195876289,0.566666666666667,0.528320833573719,0.4806457517054,0.592158005701683
phero,.,0.792585602743431,0.207550661608217,0.312496692874494,0.763157894736842,0.928571428571429,0,0.480355843936353,0.657460551243256
Dwarfin,.,0.737561638002957,0.425279911168687,0.42283624842119,0.55952380952381,0.524590163934426,0.333333333333333,0.479993343142721,0.637859677554458
phosfruc,.,0.560337635287145,0.502081983899325,0.656999217585879,0.621359223300971,0.32258064516129,0.333333333333333,0.47810841231542,0.576979603314888
e3,.,0.805462694983228,0.118256685481632,0.327920937966687,0.540540540540541,0.866666666666667,0.333333333333333,0.476786606860553,0.611933767449147
Flavoprotein,.,0.718729322140198,0.505968353844731,0.444238923690536,0.558139534883721,0.431034482758621,0.333333333333333,0.476570687849201,0.642369646455363
subt,.,0.670235964947611,0.384056629962062,0.332944368860915,0.649350649350649,0.425925925925926,0.528320833573719,0.476392077455081,0.569848375575042
Flavin_Reduct,.,0.652640724523438,0.392060701397243,0.359859641662085,0.555555555555556,0.493150684931507,0.528320833573719,0.473682870631652,0.542463481857186
Sec23_NC,.,0.206781474939153,0.578930322938836,0.670732274277956,0.592592592592593,0.402777777777778,0.528320833573719,0.473257171419329,0.27982186441245
CASc,.,0.678780416232731,0.424863514388822,0.45315053747365,0.658536585365854,0.431034482758621,0.333333333333333,0.473129301415013,0.619109130877018
SIS,.,0.766560987819122,0.573841028962709,0.433932276049877,0.663157894736842,0.53968253968254,0,0.472389711027921,0.713937237862047
Peptidase_C15,.,0.757044137700881,0.520125844360137,0.397554692851238,0.553191489361702,0.414285714285714,0.333333333333333,0.471909322185578,0.665386979613618
AFOR,.,0.395478633117948,0.729203294161194,0.582547967855128,0.694915254237288,0.238636363636364,0.333333333333333,0.471493145685769,0.469279536916529
GEL,.,0.800508639389633,0.367030628296475,0.409804595810845,0.493506493506494,0.372881355932203,0.528320833573719,0.470888878196649,0.669371870249522
Cytidylyl_trans,.,0.666570769345846,0.362959193115573,0.53870298662919,0.681818181818182,0.384615384615385,0.333333333333333,0.4697014109834,0.627999805667758
psaA_psaB,.,0.193064322168967,0.727537707041732,0.542563029188532,0.601694915254237,0.565217391304348,0.333333333333333,0.468356759518538,0.257826119145697
mofe,.,0.469052975597968,0.588461182566854,0.55582672600389,0.54954954954955,0.466666666666667,0.333333333333333,0.468204318558075,0.468614067914187
SAP,.,0.868455727083897,0.265337281391691,0.241378744637861,0.613636363636364,0.96969696969697,0,0.466919382806402,0.683265685591858
TFIIS,.,0.727434880924297,0.020495974831128,0.312027100433069,0.857142857142857,0.7,0.333333333333333,0.4645545440756,0.597033603010286
SpoU_methylase_N,.,0.773569164024695,0.417831035439993,0.490341244409449,0.727272727272727,0.533333333333333,0,0.462185104437056,0.725672722626388
Fe_hyd_lg_C,.,0.455583237915499,0.486536504117702,0.446252690413738,0.606837606837607,0.414893617021277,0.528320833573719,0.461035635215428,0.42502914371328
Sua5_yciO_yrdC,.,0.637462096583946,0.436661423151661,0.330260998511032,0.628571428571429,0.373333333333333,0.528320833573719,0.459917997776993,0.548837337725163
fibrinogen_C,.,0.556263917098684,0.448042935134635,0.327409860411341,0.564102564102564,0.365079365079365,0.666666666666667,0.457853823255431,0.466079566760899
Ribosomal_S8,.,0.623877282116492,0.226982511335246,0.216541156477841,0.688888888888889,0.636363636363636,0.528320833573719,0.455922616744839,0.481472874780928
GAL4,.,0.752113097464283,0.103173868788748,0.226697091113869,0.878787878787879,0.96,0,0.455863320234405,0.611109934579194
CODH,.,0.344223433085727,0.632691773850283,0.33243548405852,0.614035087719298,0.468354430379747,0.528320833573719,0.455655023741299,0.323146752194631
phycoerythr_ab,.,0.737199146130255,0.144212084759878,0.291273574170699,0.478260869565217,0.934782608695652,0.333333333333333,0.455362185310315,0.536659212682623
PA_phosphatase,.,0.613779294234078,0.45192930508004,0.455699490960154,0.761904761904762,0.296875,0.333333333333333,0.453738802345597,0.595935644873729
hormone5,.,0.698401008072636,0.0502452114370315,0.244039168430282,0.857142857142857,0.722222222222222,0.333333333333333,0.451354494763452,0.56046426023236
WW,.,0.776221683918595,0.0555195706486537,0.298964400434342,0.666666666666667,0.772727272727273,0.333333333333333,0.450782876099478,0.602104633578628
GLUCAGON,.,0.824024580401273,0.121680392338299,0.319899997176,0.620689655172414,1,0,0.445761240086873,0.647634783194494
UreE,.,0.679908168725582,0.203247894882946,0.394482778860311,0.537313432835821,0.542372881355932,0.528320833573719,0.445571185785202,0.545381011891978
proteasome,.,0.750795468276207,0.378273341352827,0.419979789019513,0.522727272727273,0.478260869565217,0.333333333333333,0.444904327357878,0.64050685384886
lipocalin,.,0.71599624849681,0.215739798278893,0.427807573746545,0.60377358490566,0.387755102040816,0.528320833573719,0.443739059620714,0.604898381695553
IF3,.,0.736203731940137,0.467058388081799,0.24424753836141,0.5,0.595744680851064,0.333333333333333,0.442917038804534,0.588329898981118
YgbB,.,0.743234923502707,0.638382529841769,0.197072087860731,0.559322033898305,0.4,0.333333333333333,0.441380874242793,0.625833927071533
PAP2,.,0.319176970833789,0.691449986120108,0.517271639453827,0.728813559322034,0.611764705882353,0,0.440540517556211,0.386597225540229
Ribosomal_L1,.,0.671018487085508,0.616220967891182,0.513747154543124,0.598290598290598,0.469135802469136,0,0.440521808693509,0.652930631130345
tubulin,.,0.41043286132672,0.390996576293143,0.499197109109947,0.630434782608696,0.40506329113924,0.528320833573719,0.439359288480483,0.394005214869093
hemopexin,.,0.624792142557121,0.341306560562599,0.489098529360464,0.605263157894737,0.470588235294118,0.333333333333333,0.439340684011194,0.562790476218218
PEPCK_ATP,.,0.414241902909717,0.521513833626353,0.442734473675613,0.703389830508475,0.442105263157895,0.333333333333333,0.437271084015356,0.418896496986714
Hpr_kinase,.,0.720420950879474,0.249144073285834,0.391457787567644,0.730769230769231,0.428571428571429,0.333333333333333,0.436209863051791,0.632514358573972
tRNA-synt_2b,.,0.624141958721957,0.597668178032756,0.16779956687592,0.681034482758621,0.442857142857143,0.333333333333333,0.434199210115779,0.534755247654975
Ribosomal_S30AE,.,0.802487960091371,0.267049134820024,0.280810443705775,0.661290322580645,0.5,0.333333333333333,0.433653201654079,0.66108170308376
C1,.,0.774409224555084,0.184001110391413,0.305465287225719,0.659574468085106,0.583333333333333,0.333333333333333,0.432230819331869,0.628393193470071
TNFR_c6,.,0.684200532805514,0.034884796890904,0.208728513374409,0.814814814814815,0.761904761904762,0.333333333333333,0.431571553338696,0.530147328336027
Pept_C1-like,.,0.37519634976438,0.504580364578514,0.421714500243362,0.697247706422018,0.5,0.333333333333333,0.429873726875419,0.375726001384957
WD40,.,0.396226632220349,0.0495049504950495,0.299722051951633,0.75,1,0.333333333333333,0.428911116251216,0.290040591394617
aminotran_4,.,0.611293635678406,0.518275192005182,0.431174833840823,0.510416666666667,0.419354838709677,0.333333333333333,0.427464112536678,0.547024260072185
OTCace,.,0.637312496763465,0.452900897566393,0.492376783619028,0.768421052631579,0.470588235294118,0,0.426805130596055,0.630398200859971
FYVE,.,0.746209658394564,0.121957990191542,0.328233626752472,0.6875,0.6,0.333333333333333,0.425526198570048,0.606984688631465
Peptidase_M17,.,0.579221735703148,0.591190894790413,0.283898537555601,0.628318584070796,0.4,0.333333333333333,0.425153633858169,0.517287582335239
Ala_racemase_N,.,0.790347359275477,0.644027019524383,0.291204242201745,0.700854700854701,0.385714285714286,0,0.424035673606063,0.727286312079345
GATase_2,.,0.479726347405306,0.488479689090405,0.338894188041855,0.629310344827586,0.344827586206897,0.528320833573719,0.423277191288568,0.430454735884664
ATP-gua_Ptrans,.,0.526913583088316,0.529286573517166,0.0521620488729194,0.663366336633663,0.507246376811594,0.528320833573719,0.422614047983379,0.40519352124201
Desulfoferrodox,.,0.637709511671663,0.047422966595725,0.318988697908966,0.791666666666667,0.666666666666667,0.333333333333333,0.419242154350675,0.52067328782596
serpin,.,0.404598468327992,0.464097344313871,0.425114097906419,0.550847457627119,0.404494382022472,0.528320833573719,0.413875662320483,0.368633996420302
Frataxin_Cyay,.,0.733879180883444,0.300869806606829,0,0.5,0.558139534883721,0.666666666666667,0.408625747173209,0.500062331076314
NiFeSe_Hases,.,0.348308658952686,0.714166743777181,0.486522155387555,0.572649572649573,0.296703296703297,0.333333333333333,0.406319366644518,0.385241999273573
TIL,.,0.742527201275051,0.0651429628944203,0.293252411889815,0.590909090909091,0.722222222222222,0.333333333333333,0.40506045251475,0.56625271605782
START,.,0.66797470612266,0.255251226057185,0.46513484046338,0.519230769230769,0.5,0.333333333333333,0.403166942014263,0.567735605122109
tRNA-synt_1_edit,.,0.709062872201476,0.487600629221801,0.572651187824241,0.560344827586207,0.402173913043478,0,0.400503088409094,0.68155109541215
THAUMATIN,.,0.624826665592617,0.474044600721754,0.334848796948308,0.615384615384615,0.348484848484849,0.333333333333333,0.400236285549691,0.554397513638472
LDLa,.,0.801216361617289,0.055380771722032,0.2712487146647,0.666666666666667,0.935483870967742,0,0.399964822298413,0.623592538086727
mthina,.,0.732417705714138,0.0706023873415379,0.279915720211368,0.806451612903226,0.84,0,0.399786393147078,0.600339094591406
DNA_photolyase,.,0.454702900510366,0.496576293143333,0.472182702833801,0.634408602150538,0.338028169014085,0.333333333333333,0.399740852540072,0.452016479971447
planttoxin,.,0.728712233237628,0.229943555103174,0.292103315209898,0.595744680851064,0.882352941176471,0,0.399630894363989,0.580520611407776
Ribosomal_L30,.,0.765928065501706,0.339224576663274,0.351355237606378,0.592592592592593,0.676470588235294,0,0.398668172796423,0.64955216265122
p450,.,0.460537293509094,0.396132136578144,0.530568382606596,0.612903225806452,0.383720930232558,0.333333333333333,0.396214020155763,0.451817134914635
GBP_PSP,.,0.739897696738149,0.0268807254557232,0.238024289445604,0.857142857142857,0.846153846153846,0,0.393548865073856,0.600334739377881
oxidored_q6,.,0.641564583968653,0.565328028129916,0.400428240221623,0.658119658119658,0.423529411764706,0,0.387943797196547,0.612094880525356
FN1,.,0.711571546114145,0.0529749236605904,0.313414730980775,0.833333333333333,0.772727272727273,0,0.386493966664913,0.597876321963157
lipase,.,0.5168271028844,0.426621634126029,0.365677004167892,0.574468085106383,0.463768115942029,0.333333333333333,0.385519271007912,0.453475056473228
P,.,0.734316472666387,0.163042472471546,0.291415388806661,0.702127659574468,0.777777777777778,0,0.38199864879799,0.602222230304556
aconitase,.,0.34827988975644,0.447117608957158,0.434462014154331,0.581632653061224,0.523076923076923,0.333333333333333,0.381770880412708,0.330507813679781
PBP,.,0.672520239129559,0.186730822614972,0.355114967255443,0.528301886792453,0.565217391304348,0.333333333333333,0.3739523558484,0.537212041192274
Gly_radical,.,0.112545095715116,0.572036642916627,0.527139935845364,0.652173913043478,0.441176470588235,0.333333333333333,0.373128055290383,0.189610142182496
ISP,.,0.638572587559049,0.0288701767372999,0.30247588940773,0.611111111111111,0.722222222222222,0.333333333333333,0.372594762429987,0.483227755932761
CPS,.,0.612277542190026,0.46372721384288,0.272674040075329,0.563636363636364,0.388235294117647,0.333333333333333,0.371803195343915,0.51870227279894
toxin,.,0.726824973963877,0.0198019801980198,0.253988897942301,0.846153846153846,0.76,0,0.363858587974632,0.596921670000162
cks,.,0.689563110985805,0.0195706486536504,0.326250962790201,0.739130434782609,0.826086956521739,0,0.362051444921689,0.560415280181735
TIMP,.,0.670339534054098,0.271583233089664,0.276189997613443,0.527777777777778,0.517241379310345,0.333333333333333,0.360839318007147,0.530985104535564
PDZ,.,0.781256293261679,0.414361062274452,0.357794766075897,0.493670886075949,0.543478260869565,0,0.359109410882982,0.665397736865032
DISIN,.,0.721099903910885,0.0203109095956325,0.247778491737585,0.833333333333333,0.75,0,0.353823973005948,0.589697601763247
il8,.,0.798195596011439,0.159711298232627,0.390516819688707,0.58974358974359,0.628571428571429,0,0.352129250201299,0.667990210939192
DUF28,.,0.614331662802005,0.238919219024706,0.362642909628124,0.824561403508772,0.520833333333333,0,0.350532304400473,0.566328510382333
kunitz,.,0.776722267933278,0.0992874988433422,0.321721272306139,0.647058823529412,0.709677419354839,0,0.348533634115615,0.632546155516289
TPK_B1_binding,.,0.694534428097148,0.136439344869066,0.299981715984228,0.547619047619048,0.529411764705882,0.333333333333333,0.344681286491759,0.543540959143573
LysR_substrate,.,0.674913836257243,0.363236790968817,0.508239269215244,0.587628865979381,0.4,0,0.342542082658624,0.631238459674937
PCI_1,.,0.734621426146596,0.0296567039881558,0.269381604906894,0.818181818181818,0.681818181818182,0,0.34243688526225,0.60885468172493
GTP_cyclohydroI,.,0.630108690023418,0.431803460719904,0.0161725497231649,0.727272727272727,0.725806451612903,0,0.341705583039654,0.495127106970019
Peptidase_S24,.,0.680598629435491,0.034514666419913,0.260179087283196,0.777777777777778,0.777777777777778,0,0.341613010337496,0.550203131376134
tcl1_mtcp1,.,0.664188679896661,0.0659294901452762,0.337306745650071,0.791666666666667,0.666666666666667,0,0.340121697605455,0.567059959786312
rnasemam,.,0.634826838207794,0.0326640140649579,0.235711787819036,0.636363636363636,0.65,0.333333333333333,0.339284097404416,0.47552822100213
HSP20,.,0.646708516257473,0.0459887110206348,0.329975115576354,0.727272727272727,0.772727272727273,0,0.339217506689708,0.53127295222077
biotin_lipoyl,.,0.716876585901943,0.0324789488294624,0.232831635887835,0.826086956521739,0.714285714285714,0,0.339184543027379,0.585815452734179
DUF101,.,0.633152470986265,0.0355325252151383,0.263092005920433,0.875,0.714285714285714,0,0.338745875496,0.532456219050436
Orbi_VP7,.,0.638474772291812,0.0292865735171648,0.288317621372475,0.84,0.72,0,0.337285604014279,0.535558949833735
ngf,.,0.641173322899705,0.0177199962986953,0.321351743598518,0.714285714285714,0.80952380952381,0,0.333762380986304,0.517184258406867
BChl_A,.,0.474950660828438,0.37855093920607,0.263522724063636,0.527272727272727,0.516483516483517,0.333333333333333,0.330849694418992,0.381164728271054
RNA_pol_A_bac,.,0.602150785111366,0.156380123993708,0.379083307446667,0.704545454545455,0.634146341463415,0,0.325631865284321,0.523920778417132
FN2,.,0.713970897081077,0.134912556676228,0.253643454909303,0.666666666666667,0.7,0,0.323547874140823,0.574656762637393
Me-amine-deh_L,.,0.62669090950937,0.0173961321365781,0.271176295676124,0.9,0.65,0,0.322396288412135,0.535643615551145
dutpase,.,0.639717601569647,0.0174886647543259,0.307120887688412,0.833333333333333,0.666666666666667,0,0.32212198051124,0.542161484729413
cah,.,0.513432337727349,0.217914314795966,0.46029844696611,0.528571428571429,0.396825396825397,0.333333333333333,0.318033982777431,0.446327575588638
urease,.,0.141458137942542,0.263532895345609,0.392187974300492,0.528735632183908,0.443037974683544,0.666666666666667,0.313710383904002,0.112510692937544
7kD_DNA_binding,.,0.73119213795405,0.139307856019247,0.301548055897481,0.617647058823529,0.645161290322581,0,0.313486854401898,0.595593845450389
CBD_6,.,0.614705662353205,0.0146201536041455,0.315176785169459,0.826086956521739,0.652173913043478,0,0.309943546429897,0.52319927711109
DAO,.,0.536706617490521,0.382159711298233,0.456775778275023,0.703703703703704,0.342857142857143,0,0.309779311222343,0.532641671035529
CAT_RBD,.,0.744880521527989,0.047052836124734,0.320030958792303,0.730769230769231,0.576923076923077,0,0.30903321984321,0.623681833324495
GP120,.,0.402089794415324,0,0.267008790115335,0.75,1,0,0.308869710548033,0.301500508913448
Cys-protease-3C,.,0.601500601276202,0.0598686036827982,0.248831205227833,0.703703703703704,0.461538461538462,0.333333333333333,0.305845098282111,0.478575059914293
hexapep,.,0.623693159260517,0.0427500693994633,0.285961256380994,0.833333333333333,0.619047619047619,0,0.304675863789633,0.530784848348912
Fimbrial,.,0.590712152683878,0.0202646432867586,0.314255734796498,0.789473684210526,0.684210526315789,0,0.302956297013195,0.496015022280588
NMT,.,0.466498270971306,0.396039603960396,0.374913389027043,0.697916666666667,0.461538461538462,0,0.302367251423411,0.450072831654441
COX1,.,0.291057958422758,0.620801332469695,0.354298044961403,0.777777777777778,0.340909090909091,0,0.298832950680306,0.348745832478919
laminin_G,.,0.623014206229106,0.209401313963172,0.431006434843952,0.479452054794521,0.296875,0.333333333333333,0.295386647513542,0.52752194156978
Ribosomal_L5_NC,.,0.728896356093603,0.424123253446841,0.0766788652392731,0.556701030927835,0.585714285714286,0,0.295102855447849,0.570598632665255
lipoxygenase,.,0.0869520187345006,0.655593596742852,0.575554702818297,0.576271186440678,0.474747474747475,0,0.294225355744748,0.192696352598461
Cu_nir,.,0.42994413022089,0.410937355417786,0.285670171195311,0.491525423728814,0.401960784313726,0.333333333333333,0.289611151688435,0.355529042051667
B_lectin,.,0.689131573042112,0.00985472379013603,0.287282284826426,0.764705882352941,0.588235294117647,0,0.285461756092546,0.572015226406429
chorismate_bind,.,0.307065139214141,0.412325344684001,0.372415688372152,0.515463917525773,0.390243902439024,0.333333333333333,0.283011508049876,0.279238575972751
dhfr,.,0.579756842753327,0.0342370685666698,0.32838953923948,0.68,0.36,0.333333333333333,0.278578159277795,0.478888140229966
DUF50,.,0.712877667623722,0.0885537151846025,0.322891820311648,0.558823529411765,0.620689655172414,0,0.275097124627217,0.572361210890949
Glu_syn_central,.,0.09020869174957,0.338808179883409,0.542287273893117,0.635514018691589,0.362637362637363,0.333333333333333,0.274790192137599,0.152910748634148
END,.,0.770479352347854,0.0510317386878875,0.201895011985388,0.428571428571429,0.842105263157895,0,0.272239257389433,0.552418840641485
Sm,.,0.720869750340915,0.0732395669473489,0.312437222756567,0.67741935483871,0.5,0,0.269274938823461,0.60251859914873
Ribosomal_S5_N,.,0.723269101307848,0.187378550939206,0.212010480362402,0.511111111111111,0.647058823529412,0,0.268355534575781,0.558096572216888
ghf6,.,0.492649470359097,0.454103821597113,0.184157376537211,0.728070175438597,0.405405405405405,0,0.263537973194559,0.445440673311864
RNase_U2,.,0.595965407918434,0.028823910428426,0.242043741960598,0.826086956521739,0.571428571428571,0,0.26352693824916,0.499703796478683
avi,.,0.609814898991352,0.00434903303414454,0.271959889232752,0.75,0.625,0,0.262582060192309,0.498798949458723
PARP,.,0.53519911160722,0.043258998797076,0.29310053606165,0.8,0.566666666666667,0,0.255872645879343,0.459114619667458
GFP,.,0.503760133949378,0.00846673452391969,0.272956816609993,0.789473684210526,0.631578947368421,0,0.246499658364256,0.419191456374893
KSI,.,0.658314010023188,0.0135560285000463,0.295050430549257,0.705882352941177,0.529411764705882,0,0.24532126489459,0.544040870908969
gln-synt_N,.,0.666599538542092,0.0680114740446007,0.293123260955874,0.586206896551724,0.586206896551724,0,0.244715760846757,0.533086753039405
GLA,.,0.810267150756342,0.0771259368927547,0.205258080377685,0.470588235294118,0.620689655172414,0,0.239963484198655,0.610952449028045
DNA_PPF,.,0.659269147338562,0.0219302304062182,0.307267696928319,0.730769230769231,0.461538461538462,0,0.239039255925561,0.557204218504872
VAT-N,.,0.599630603520199,0.066022022763024,0.317077713711738,0.67741935483871,0.517241379310345,0,0.238047811547387,0.503139919806341
FAA_hydrolase,.,0.483903634700254,0.228971962616823,0.335138749765359,0.581081081081081,0.538461538461538,0,0.235166353009523,0.413736964630146
adeno_fiber,.,0.584106745225752,0.0212825020819839,0.246438379489122,0.791666666666667,0.521739130434783,0,0.23448553962456,0.488384620848647
Ribosomal_L14,.,0.675282081969194,0.167576570741186,0.335957045298621,0.525,0.444444444444444,0,0.229512255913704,0.560561382370776
Transpeptidase,.,0.503622041807396,0.16785416859443,0.432148526896385,0.56140350877193,0.46,0,0.222705156636482,0.44659689337026
intb,.,0.650615373107706,0.0639863051725733,0.289522403456576,0.782608695652174,0.333333333333333,0,0.221251218164047,0.568398149209207
ATP-synt_DE_N,.,0.684960039586414,0.0199407791246414,0.270155865420341,0.647058823529412,0.470588235294118,0,0.213233863455688,0.555964333911691
MATH,.,0.643589935384385,0.161978347367447,0.318783609060942,0.5,0.461538461538462,0,0.211237495243576,0.525371953059263
Ald_Xan_dh_2,.,0.106405749236178,0.657629314333303,0.321635339646911,0.611111111111111,0.388059701492537,0,0.210930091008791,0.166069802328746
Hint,.,0.6230602369431,0.0401591561025262,0.307644894734015,0.72,0.391304347826087,0,0.210147007331721,0.53326016967161
CUB,.,0.639107694609228,0.00286851115018044,0.268987050575625,0.583333333333333,0.583333333333333,0,0.208817134523378,0.498409196171974
Jacalin,.,0.630908473679062,0.042102341075229,0.238434426304397,0.791666666666667,0.333333333333333,0,0.196749750352006,0.540555557439696
TNF,.,0.627266293434294,0.0262792634403627,0.318453560980958,0.681818181818182,0.363636363636364,0,0.191185092476801,0.533474605254901
aldedh,.,0.257110306852247,0.319006199685389,0.458940047587169,0.555555555555556,0.423076923076923,0,0.190082030828596,0.270266947827016
leukocidin,.,0.4465036795802,0.0613491255667623,0.304306085055558,0.666666666666667,0.5,0,0.179866801834641,0.37523693819349
C2,.,0.62457349666565,0.0255852688072546,0.346756503090619,0.625,0.304347826086957,0,0.164465652799083,0.532600066858152
CBM_20,.,0.665155324890533,0.00458036457851393,0.254499853678039,0.5,0.5,0,0.163871566800007,0.509481538752845
EFTU_C,.,0.655667243968538,0.00619968538909966,0.26066524857568,0.666666666666667,0.333333333333333,0,0.163372469527698,0.541783726127212
hemocyan,.,0.192322076905815,0.37174979180161,0.421672926533363,0.601694915254237,0.3125,0,0.15675272716003,0.230695674914342
ghf33,.,0.414472056479686,0.0724993060053668,0.309010575603187,0.53125,0.551724137931034,0,0.150604383489902,0.326252463121177
Extradiol_dioxy,.,0.489024551632077,0.060285000462663,0.344561535237152,0.536585365853659,0.325,0,0.114418177273319,0.410377421962925
Bacterial_PQQ,.,0.198340592760519,0.181919126492088,0.307436267580092,0.563636363636364,0.41304347826087,0,0.0877309519744731,0.177481245943921
TonB_dep_Rec,.,0,0.00490422874063107,0.235055313715947,0.6875,0.4375,0,0,0
