,benchmark,alignment,threading,modeller,secondary_structure,solvent_access,sum_scores,weighted_combined_scores
tms,.,0.9881348513244176,0.7471926815323098,0.7824405956869722,0.7489361702127659,0.37872340425531914,0.8194356836964212,1.0
S_T_dehydratase,.,0.9655477219509502,0.7326929674099498,0.6505485774585772,0.7957446808510639,0.37446808510638296,0.770062908781775,0.9843671932389575
Peptidase_S11,.,0.975424013327044,0.8544311034877091,0.7154350019146539,0.7446808510638298,0.37446808510638296,0.8268601505458951,0.9533360558544127
ung,.,0.9463730977302379,0.7423441966838271,0.7368787988087935,0.776824034334764,0.40772532188841204,0.8056569727704899,0.9315247258908778
Ala_racemase_N,.,0.952020942497376,0.8429045168667902,0.8415841049840005,0.7381974248927039,0.4034334763948498,0.8712637447631341,0.9286464412433141
hormone_rec,.,0.9441122599453491,0.9849514008004598,1.0,0.7319148936170212,0.44680851063829785,1.0,0.9214889433003423
serpin,.,0.9816965632715854,0.6558719268153292,0.8289093511122065,0.7106382978723405,0.42127659574468085,0.8010672076303901,0.9211839654655384
OTCace,.,0.9555226912469033,0.812555746140657,0.690771780185955,0.7361702127659574,0.3574468085106383,0.783132011629751,0.9208910127594547
Peptidase_M24,.,0.956164395204644,0.8339622641509482,0.7073971840000084,0.7191489361702128,0.34893617021276596,0.7882642188190375,0.9131176870419782
TyrKc,.,0.9930984951829708,0.80937678673528,0.7690829900104387,0.7489361702127659,0.4765957446808511,0.8786641430928603,0.9116908379604323
Fapy_DNA_glyco,.,1.0,0.7178959405374546,0.7260316825183266,0.7319148936170212,0.451063829787234,0.8122025737872975,0.9105492761559234
tRNA-synt_2b,.,0.9675195804701013,0.7142824471126394,0.7970075993510455,0.7148936170212766,0.40425531914893614,0.8008976513830066,0.9085027470579493
Endonuclease_3,.,0.9462796044383817,0.8629616923956576,0.8617115854812846,0.7296137339055794,0.41630901287553645,0.8863909139786529,0.9039737602725744
galpha,.,0.9821385315603607,0.7804230989136691,0.8325830074758503,0.6893617021276596,0.4127659574468085,0.8396824539184395,0.9005113606055903
Glyco_transf_28,.,0.9367687868395445,0.7586506575185852,0.7353799459658105,0.7191489361702128,0.3446808510638298,0.7605446243027084,0.9000447361763341
AP_endonucleas1,.,0.9889465430855336,0.7428930817610107,0.7961295535827708,0.6978723404255319,0.4297872340425532,0.8234194801750946,0.8940534354489517
biopterin_H,.,0.9083383267250577,0.8251114922813051,0.8294097972978719,0.7404255319148936,0.3702127659574468,0.8303978895132557,0.8933570485023254
CASc,.,0.946611080654963,0.762973127501435,0.7226845377729756,0.7467811158798283,0.4034334763948498,0.7948541414350724,0.8917812238703396
SRP54,.,0.9822575230227233,0.8241738136077796,0.7896049140734456,0.6978723404255319,0.41702127659574467,0.8450161186572243,0.89147539953223
DNA_ligase_N,.,0.9698569127665092,0.6548198970840544,0.7877536131488515,0.7361702127659574,0.46382978723404256,0.8065493191169826,0.8830508487794728
Bac_rhodopsin,.,0.9059584974778061,0.9928187535734768,0.8761706895331424,0.7682403433476395,0.4334763948497854,0.9487930255853163,0.8799525041197666
Amidase,.,0.9203139674728339,0.764734133790744,0.5201002684701961,0.7531914893617021,0.30638297872340425,0.6707597416732394,0.8783411793685532
ptpase,.,0.9676088240668734,0.7350714694110982,0.740397065339871,0.6936170212765957,0.3872340425531915,0.7719868023848407,0.8764598803478745
ricin,.,0.9566446107491787,0.7908290451686691,0.7586329828869056,0.7106382978723405,0.4,0.8082342578820173,0.8754077813768322
gluts,.,0.9250353787115775,0.7946712407089784,0.8008657872733798,0.7253218884120172,0.38626609442060084,0.8142544251655272,0.8747636890824493
aminotran_4,.,0.9980366408710175,0.7567295597484276,0.6063962294858274,0.7021276595744681,0.4,0.7483058303222742,0.873009607477323
Peptidase_M17,.,0.9635503652612925,0.7539851343624973,0.6371913479098219,0.6978723404255319,0.35319148936170214,0.725850694914676,0.8701839577278101
NO_synthase,.,0.8792831614331671,0.7141452258433401,0.7930694760991402,0.7319148936170212,0.33191489361702126,0.7432436338129615,0.8644210388467197
Zn_dep_PLPC,.,0.9206326946041622,1.0,0.8525992849778229,0.7021276595744681,0.37446808510638296,0.8992596326067144,0.8623605949925701
MIP,.,0.9327698237651448,0.7175757575757644,0.7405694953961306,0.7854077253218884,0.47639484978540775,0.8222826134550709,0.8615963809706383
fibrinogen_C,.,0.939025374929349,0.6466323613493483,0.5998157268247397,0.723404255319149,0.3574468085106383,0.671385246256121,0.8522567417564497
DNA_topoisoIV,.,0.8958909698229153,0.6144768439108144,0.7768771098315354,0.7659574468085106,0.41702127659574467,0.7510135791741503,0.8516949229201042
Heme_oxygenase,.,0.837423664852047,0.898662092624363,0.7860300975485758,0.8068669527896996,0.3776824034334764,0.8433506505292785,0.849609748205226
Mur_ligase,.,0.9244744189604396,0.8992795883361973,0.7412602622375952,0.7148936170212766,0.37446808510638296,0.8229302339180399,0.8477306038676116
Hydrolase,.,0.9025544917152194,0.8555974842767318,0.757933417926106,0.7424892703862661,0.3905579399141631,0.8208825516704623,0.8429268990937603
ghf15,.,0.8274751286595188,0.8583876500857637,0.7795491215682919,0.7404255319148936,0.2765957446808511,0.7557817435225097,0.8407981230823691
cah,.,0.9726829599976202,0.650017152658671,0.48204642460947145,0.723404255319149,0.3829787234042553,0.6498300443205492,0.8371946109718731
UPP_synthetase,.,0.9073014011244693,0.7126586620926292,0.6961778320361177,0.7510729613733905,0.39914163090128757,0.7495017826899785,0.8349563705995745
tubulin,.,0.914542881548249,0.6971755288736504,0.5417662914677605,0.7276595744680852,0.3191489361702128,0.6455981634793944,0.8347475161461058
sugbp,.,0.979869194385303,0.906415094339629,0.6453445389321032,0.6808510638297872,0.39574468085106385,0.8049068163115752,0.8326997725052309
CPS,.,0.9882410937015269,0.7496626643796529,0.688481292843407,0.7106382978723405,0.4723404255319149,0.8053517066837387,0.8324292026366173
KAS,.,0.9780163273285142,0.6644939965694768,0.6929459459247308,0.676595744680851,0.4127659574468085,0.7332813878525385,0.831794476986137
lyase_1,.,0.8941825923989954,0.8951172098341922,0.7527709496958206,0.7276595744680852,0.3659574468085106,0.8156319675594083,0.8311914807367844
cytochrome_b,.,0.9483109586887143,0.8508404802744456,0.7952830371343433,0.7148936170212766,0.4553191489361702,0.865994261995206,0.8294011128547111
Fe-ADH,.,0.9152143333715808,0.835105774728421,0.6948067318106896,0.6978723404255319,0.3404255319148936,0.7561689659209322,0.8285607233041745
actin,.,0.94786049100977,0.7552887364208155,0.7292707150575004,0.6851063829787234,0.39148936170212767,0.7661629603535242,0.8280159430316781
voltage_CLC,.,0.8695726081653642,0.8311720983419136,0.6822725352542931,0.7531914893617021,0.3404255319148936,0.7535171047922744,0.8275911359929741
aconitase,.,0.8962266957345811,0.7841738136077773,0.7630443730041515,0.7021276595744681,0.3446808510638298,0.7588357575321784,0.8273337103674006
Spermine_synth,.,0.9406147608909061,0.7944425385934855,0.7185098465019266,0.676595744680851,0.3659574468085106,0.7611269641300665,0.8249335486756214
aakinase,.,0.8973146176761819,0.7865751858204714,0.7522577805792211,0.774468085106383,0.44680851063829785,0.8241206448134782,0.8245120295044865
Arginosuc_synth,.,0.9336537603426955,0.7437850200114404,0.698090687089293,0.6978723404255319,0.37872340425531914,0.7439456320692511,0.8243201895115401
citrate_synt,.,0.9451024389000089,0.7935963407661587,0.8114582323512015,0.676595744680851,0.4127659574468085,0.8171280575889263,0.8215728031146481
Transpeptidase,.,0.9669841188894697,0.6752429959977203,0.5538255531138867,0.7404255319148936,0.4425531914893617,0.7154004422252579,0.8208030209874964
NTP_transf_2,.,0.9002936539303306,0.7796912521440876,0.7470281653638254,0.723404255319149,0.3829787234042553,0.7756841768291047,0.8201124342512703
icd,.,0.9509500193361128,0.7321212121212184,0.6476298258992823,0.6936170212765957,0.3872340425531915,0.7281007005553736,0.819215842300616
Topoisom_bac,.,0.9999830012196627,0.745431675243002,0.7898985226878313,0.6893617021276596,0.5191489361702127,0.8578621376672315,0.8156053943986872
RhoGEF,.,0.8209475970099146,0.8324299599771339,0.8759401722652141,0.8240343347639485,0.45064377682403434,0.8813609949334144,0.8139101360722064
GFP,.,0.9305387338458467,0.716134934248144,0.7003874704837815,0.7081545064377682,0.4034334763948498,0.7464934018706553,0.8118212191670139
OMPdecase,.,0.9449834474376465,0.852875929102342,0.7836892417905043,0.6893617021276596,0.4297872340425532,0.841020112966672,0.8109435996506332
PGI,.,0.8472319611067907,0.8167867352773068,0.7242152306500574,0.7617021276595745,0.35319148936170214,0.7638634750981302,0.8089055296527531
Ribosomal_L1,.,0.8899626451802084,0.6793825042881696,0.7164460333826159,0.7811158798283262,0.45064377682403434,0.769496177051419,0.808729877876034
cat3,.,0.971701280433129,0.7573927958833679,0.7361489473851531,0.7404255319148936,0.5319148936170213,0.8554250908069133,0.8083027097530842
peroxidase,.,0.9061369846713498,0.7704059462550062,0.6189817102471206,0.7063829787234043,0.33617021276595743,0.6994069273481713,0.804845516577865
Dala_Dala_ligas_C,.,0.8905023564559245,0.6432475700400307,0.6352147310215408,0.776824034334764,0.4206008583690987,0.7104634481945087,0.803772581427522
ATP-synt_g,.,0.9618717357029634,0.8433847913093274,0.8306201764883114,0.7106382978723405,0.5191489361702127,0.9054441186556081,0.798348780125347
ech,.,0.9963920088733634,0.8290680388793632,0.7103403838648902,0.676595744680851,0.4851063829787234,0.8397723775998681,0.7949101348253066
Peptidase_S21,.,0.8905278546264306,0.6971983990851994,0.6853883450626328,0.7381974248927039,0.39914163090128757,0.7276717184903526,0.7902223287853072
Cytidylyl_trans,.,0.9525649034681762,0.7103945111492351,0.792536519390728,0.6595744680851063,0.4340425531914894,0.781822069691808,0.7867981344917995
DUF28,.,0.9962772671060852,0.7996340766152105,0.6715942512761198,0.6936170212765957,0.5063829787234042,0.8280577205784202,0.7842163199044522
lipase,.,0.8642859874803983,0.6644711263579286,0.6089818299538743,0.7446808510638298,0.3446808510638298,0.6560672191105732,0.783354019631764
pgk,.,0.9320473756008009,0.7261520869068075,0.7082477070269434,0.6553191489361702,0.3659574468085106,0.7187950583499166,0.783090350284831
COX3,.,0.935604370386425,0.9420468839336831,0.9455862811612052,0.723404255319149,0.5531914893617021,0.9968938236368913,0.7827463026508905
ghf6,.,0.9028562200662104,0.7714351057747302,0.6934461631630527,0.7148936170212766,0.39574468085106385,0.7541972187620922,0.7826793421171951
alk_phosphatase,.,0.8727938770393224,0.6904059462550115,0.6060855642943667,0.7319148936170212,0.3446808510638298,0.6634015264835009,0.7779144653677152
Haloperoxidase,.,0.906566203874872,0.7972098341909739,0.6405400789331943,0.6851063829787234,0.3446808510638298,0.7134759040583086,0.7773599451982037
arginase,.,0.9630871484970954,0.8205603201829658,0.46726124958630033,0.6851063829787234,0.3702127659574468,0.6869686213238513,0.7760864901281932
DAO,.,0.8965539222560782,0.6399771297884587,0.6838721412817048,0.7191489361702128,0.4,0.6999826816675931,0.7748490290294705
Plectin,.,0.9015983103212346,0.8244711263579199,0.7684382088782117,0.7319148936170212,0.4553191489361702,0.8336173147623656,0.7732928956960113
AMP-binding,.,0.8536914976350447,0.7177815894797102,0.72476382119134,0.7021276595744681,0.32340425531914896,0.6930378011113247,0.7720061688137493
ADP_PFK_GK,.,0.8638822664473825,0.7335391652372882,0.6094429626100206,0.7106382978723405,0.31063829787234043,0.656473502707496,0.7686516768152686
DNA_photolyase,.,0.8983430438866011,0.6639908519153878,0.7376765821798639,0.7021276595744681,0.4085106382978723,0.7277479188325288,0.7662534644972194
dNK,.,0.8866903799652377,0.8543624928530609,0.8182165289777344,0.7081545064377682,0.4248927038626609,0.8377471195775239,0.7653484002929127
phosfruc,.,0.9648890192128715,0.714602630074334,0.5460109670356382,0.6595744680851063,0.3829787234042553,0.672061360062701,0.7647643004367615
mofe,.,0.9000981679564491,0.6721326472269943,0.62448102543291,0.7148936170212766,0.3872340425531915,0.6840832565021479,0.7645807472434148
GroEL,.,0.9305217350655091,0.9589708404802753,0.7362030770784592,0.6808510638297872,0.425531914893617,0.8532753048186515,0.7631371607330409
ATP-gua_Ptrans,.,0.8830313924975883,0.6966266437964628,0.7043794781282678,0.7319148936170212,0.41702127659574467,0.7364664227105889,0.7614486018215936
Extradiol_dioxy,.,0.9318561393220037,0.726197827329908,0.6088385089169757,0.6680851063829787,0.3702127659574468,0.6865634409009315,0.7602757307064754
6PGD,.,0.8921214902830722,0.7906003430531795,0.7133879019514032,0.6978723404255319,0.3872340425531915,0.7553064479411281,0.7592939360085036
fbpase,.,0.923509738176286,0.7068267581475203,0.6925997938950602,0.6978723404255319,0.4340425531914894,0.7450102005820449,0.7577778187660373
PA_phosphatase,.,0.874880477325752,0.6985477415666159,0.6717760518200725,0.676595744680851,0.3191489361702128,0.6614753713965975,0.7563569390215911
annexin,.,0.8738605505055014,0.8335734705546061,0.8254334725464008,0.7361702127659574,0.4595744680851064,0.8519215560470049,0.7536503783797222
COX1,.,0.8755816770146743,0.8792681532304227,0.7445858859326772,0.6723404255319149,0.3404255319148936,0.7674071775434624,0.7536081619912625
Trypan_glycop,.,0.9052700468741368,0.7644368210405967,0.7754190096156576,0.7148936170212766,0.46382978723404256,0.8110087041737559,0.7531067253361046
rasgap,.,0.89254645979151,0.9662435677530052,0.6531791170194353,0.7446808510638298,0.4340425531914894,0.837112877255668,0.7515446324562636
LysR_substrate,.,0.8899668948752927,0.6248827901658193,0.5993552564805508,0.7124463519313304,0.37339055793991416,0.6454999998966342,0.7514343240286533
cytochr_c552,.,0.8365014810187371,0.6501772441395175,0.6714565885092767,0.7404255319148936,0.35319148936170214,0.6656943960217171,0.7513664468931042
tRNA-synt_1_edit,.,0.8020237047991808,0.579508290451694,0.6571436509827271,0.7939914163090128,0.36909871244635195,0.6461732404776028,0.7511925948909715
aldedh,.,0.8520128680767156,0.8571755288736469,0.5962220630275028,0.7191489361702128,0.3191489361702128,0.701605795597232,0.7464593655853615
thymid_phosphorylase,.,0.8425700455992284,0.7821154945683318,0.5917617681223923,0.7319148936170212,0.32340425531914896,0.6735104728730994,0.7452720236016517
GP120,.,0.9816753147961635,0.5196112064036649,0.7406609107996294,0.676595744680851,0.5361702127659574,0.7449563880029173,0.7449395623494975
Isochorismatase,.,0.8789304367411639,0.8771412235563202,0.7729258384607727,0.7404255319148936,0.46382978723404256,0.8537338576473968,0.7431372744617502
WD40,.,0.9066129505208003,0.624265294453984,0.4797463194343326,0.7106382978723405,0.3617021276595745,0.5997781973747379,0.7423269768657207
MCR_alpha,.,0.9145981275843458,0.8335734705546081,0.6720582621274389,0.6978723404255319,0.425531914893617,0.7796824289150641,0.7419467919901537
Topoisomerase_I,.,0.8808980455652309,0.6240594625500346,0.7917152852703522,0.759656652360515,0.5107296137339056,0.7888305273996729,0.7408295924363804
transcript_fac2,.,0.7461062168789391,0.7425271583762201,0.7173221167450909,0.8283261802575107,0.3605150214592275,0.7215572355493415,0.7373751488255499
eIF6,.,0.8924572161947381,0.8153687821612347,0.6515114482175403,0.6909871244635193,0.3776824034334764,0.7345267829003639,0.7372817957025243
leukocidin,.,0.9209811696010811,0.6070668953687945,0.5076556598268975,0.6638297872340425,0.33617021276595743,0.581321345994681,0.7371844554938087
PK,.,0.8776427791305975,0.708016009148093,0.6633487127075849,0.7106382978723405,0.39148936170212767,0.7045061806097314,0.7347939317427041
ATP-synt,.,0.8853177284529835,0.6681303602058404,0.6929620049455243,0.6851063829787234,0.3829787234042553,0.6901972469658583,0.7326352316175434
subt,.,0.8567300296203749,0.8263236134934292,0.5248450672444512,0.7531914893617021,0.3659574468085106,0.695099329877917,0.7299555568499929
glnasn,.,0.9169907059168506,0.7025271583762227,0.6645056326933666,0.6595744680851063,0.39148936170212767,0.6982390508095513,0.7281329161823324
Peptidase_M16,.,0.8838048370029451,0.6607661520869103,0.7238793812508348,0.7148936170212766,0.4425531914893617,0.7337028484570804,0.7252282515507663
cat,.,0.8965794204265846,0.53959977129789,0.5477789801874202,0.7106382978723405,0.39574468085106385,0.6026587952866633,0.7224673552199058
RNA_pol_A_bac,.,0.9601251110232841,0.6671469411092132,0.6210054085212108,0.6995708154506438,0.5107296137339056,0.7464655839411859,0.7198880670611155
HMG-CoA_red,.,0.8872173421557004,0.6743510577472906,0.748545072340165,0.7148936170212766,0.46382978723404256,0.7582825680611424,0.7191898337285816
ENTH,.,0.9024482493381101,0.9279359634076656,0.8751520373893252,0.6638297872340425,0.4595744680851064,0.891102587040624,0.7183913915850464
hemocyan,.,0.7766487754503616,0.5921783876500935,0.774257952224315,0.7319148936170212,0.32340425531914896,0.6448604761296686,0.7167434430576906
Peptidase_C15,.,0.8279978411548972,0.7385477415666191,0.5161464827670026,0.7725321888412017,0.3605150214592275,0.651630284988306,0.7163313596520027
Beta_elim_lyase,.,0.8218230341972965,0.7645511720983461,0.652142345328735,0.7191489361702128,0.3276595744680851,0.6788054889357605,0.7160242987001496
FAA_hydrolase,.,0.8763041251790186,0.6597598627787394,0.6405263257392154,0.7148936170212766,0.4085106382978723,0.6845343433187457,0.7158955797056347
ghf33,.,0.8440659382689293,0.6372555746140728,0.6220950670482107,0.7021276595744681,0.33191489361702126,0.6210596907650986,0.7158592027300416
Sua5_yciO_yrdC,.,0.7683108736948123,0.5644596912521509,0.5004781135988311,0.8111587982832618,0.31759656652360513,0.5525395505218029,0.7155528358240322
urease,.,0.8329614850134504,0.5906918238993789,0.6266342915499199,0.7063829787234043,0.32340425531914896,0.5986495105065445,0.7154193832045201
GATase_2,.,0.8900561384720647,0.7495483133219026,0.500341039553728,0.6893617021276596,0.3404255319148936,0.6336634349552817,0.7140970464149995
Nitroreductase,.,0.7942382634046007,0.6530360205831953,0.6518374692343831,0.8154506437768241,0.4248927038626609,0.6999447892606409,0.7124973329645041
Cu_nir,.,0.872449651737488,0.599977129788461,0.6456562180332271,0.6893617021276596,0.37446808510638296,0.6384200910123804,0.7118722115331482
Aldolase_II,.,0.85095894369579,0.7608004574042387,0.395679309008136,0.7982832618025751,0.3948497854077253,0.6457069430430686,0.7089753594022283
THAUMATIN,.,0.8338454215910011,0.5724185248713647,0.5648258597070861,0.7510729613733905,0.3776824034334764,0.6063703821519707,0.7031183742264255
blmb,.,0.8576224655880941,0.6796569468267685,0.31771506888240597,0.7682403433476395,0.34334763948497854,0.5543275524210892,0.7019611160322528
CoA_trans,.,0.8788836900952357,0.6771183533447789,0.6357675407352925,0.6978723404255319,0.4085106382978723,0.6838149881968201,0.6957890554076454
tyrosinase,.,0.8841958089507078,0.7338593481989761,0.6984024316039436,0.6808510638297872,0.41702127659574467,0.7291855125917884,0.6946947114690846
Binary_toxA,.,0.769959755387551,0.6766152086906898,0.6471880883537888,0.7939914163090128,0.37339055793991416,0.6693625059404038,0.6938770351761114
SIS,.,0.7540148994309659,0.603156089193832,0.3847776051296764,0.8583690987124464,0.33905579399141633,0.5437016824712646,0.6935845786329039
ldh,.,0.8535512576972604,0.8033619210977719,0.6910716030853729,0.6851063829787234,0.3702127659574468,0.7248795505640309,0.693221863549227
tRNA-synt_2d,.,0.9043946096867551,0.6959862778730755,0.5435463734152102,0.7276595744680852,0.4595744680851064,0.6967058284691298,0.692130432287162
ATP-sulfurylase,.,0.7703337285549762,0.6786277873070431,0.6720537322407181,0.7702127659574468,0.35319148936170214,0.6628307193683755,0.6911119416482268
GTP_cyclohydroI,.,0.8930734219819728,0.6885305889079564,0.4761956231253301,0.7682403433476395,0.47639484978540775,0.6854873326544569,0.6884892824025105
Pept_C1-like,.,0.845234604417133,0.7493196112064099,0.8011484718288143,0.7319148936170212,0.4723404255319149,0.8016784902234341,0.6877385089603223
NMT,.,0.8569510137647623,0.5805374499714177,0.8303524389237172,0.7106382978723405,0.4808510638297872,0.7467594073232923,0.6845604450508684
PEPCK_ATP,.,0.8160264501022052,0.611961120640374,0.6803597129078811,0.7106382978723405,0.3574468085106383,0.6362798421597472,0.6831013835488363
Gly_radical,.,0.6951268746467443,0.7184905660377451,0.7496815342454857,0.7106382978723405,0.19148936170212766,0.5929289770088488,0.677489437234018
Fe_hyd_lg_C,.,0.8356982886477896,0.7104173813607827,0.6527624655614136,0.6851063829787234,0.35319148936170214,0.6600019309362564,0.6711919471900865
Astacin,.,0.8100896260693295,0.5910120068610731,0.5829579087504853,0.7467811158798283,0.3776824034334764,0.6097593419240691,0.6683796560709949
Pro_CA,.,0.9149126050205898,0.7431446540880536,0.8451406384281706,0.7276595744680852,0.6212765957446809,0.9001603245123638,0.6650195234172304
proteasome,.,0.8257200045896708,0.6670325900514649,0.70607022155169,0.7296137339055794,0.4334763948497854,0.7087152081090634,0.6599935290643038
oxidored_q6,.,0.8919302540042752,0.6924185248713617,0.6339055283457089,0.6808510638297872,0.44680851063829785,0.7024671245699173,0.6572657219321827
DNA_polymeraseX,.,0.7124571312008364,0.5970726129216761,0.6129958819568431,0.8369098712446352,0.37339055793991416,0.6192503437404042,0.6537356236508339
ribonuclease_T2,.,0.761069393271033,0.6236935391652446,0.5735605524512476,0.8068669527896996,0.3948497854077253,0.6298782405893733,0.6530241747111999
PARP,.,0.8393402773351012,0.6363178959405457,0.6599098581978652,0.7081545064377682,0.41630901287553645,0.6689276623315694,0.6528477184445517
RRF,.,0.7688845825312035,0.6834762721555218,0.6743638763480256,0.7982832618025751,0.4334763948497854,0.7073762602069581,0.6523041368243575
PGAM,.,0.7698747614858635,0.5617610062893171,0.5086509716067354,0.7467811158798283,0.3218884120171674,0.5318229041085684,0.6343938253066975
RNA_dep_RNA_pol,.,0.829480984739345,0.6781246426529525,0.6343894576158942,0.6978723404255319,0.39574468085106385,0.6593911834289887,0.6338265962570914
START,.,0.7776432041001059,0.5738364779874292,0.3407364356221657,0.8025751072961373,0.351931330472103,0.5075188918051792,0.630522223407563
CODH,.,0.7697855178890916,0.7455231560891982,0.7523943640228743,0.7191489361702128,0.37872340425531914,0.7101454912425299,0.6281531544711576
DSBA,.,0.7470538988827553,0.6450085763293366,0.5347807155428688,0.8068669527896996,0.38626609442060084,0.6142321291958288,0.6259321312634339
hormone,.,0.7210882619172075,0.674785591766729,0.526175169542049,0.8154506437768241,0.3562231759656652,0.6039794411182122,0.6221665412803563
Sec23_NC,.,0.7257331786444324,0.5746369353916605,0.7291157504128575,0.7702127659574468,0.3872340425531915,0.6403804975447634,0.6167186396890225
NHase_alpha,.,0.7266341140023205,0.58472269868497,0.5411982076955351,0.8369098712446352,0.41201716738197425,0.6070096329012004,0.61446651036627
chorismate_bind,.,0.8532282808708476,0.5388221841052089,0.4304897917939777,0.6808510638297872,0.3574468085106383,0.5130314197471294,0.6138387989940894
E2_N,.,0.7899120738087043,0.6177930245854852,0.5818624693030673,0.776824034334764,0.44635193133047213,0.6504603634348045,0.6132419454958438
Dwarfin,.,0.750313415012473,0.602378502001151,0.38163040500523376,0.7982832618025751,0.33905579399141633,0.5172582023383199,0.6100189299682677
cyclo,.,0.7101240485995132,0.48596912521441704,0.511108590509884,0.7854077253218884,0.3133047210300429,0.4915820870501388,0.6060759900013333
int,.,0.7042254718223968,0.6592338479130994,0.6174888427418262,0.7854077253218884,0.34763948497854075,0.6118964333664203,0.5990946440206346
TonB_dep_Rec,.,0.7818674010139774,0.4825385934819948,0.281061482304529,0.7702127659574468,0.3276595744680851,0.4280922204766295,0.598750183668614
bv,.,0.7514778314655924,0.5547855917667314,0.5325838390453079,0.7553648068669528,0.3562231759656652,0.5480216098963393,0.5954111065206628
formyl_transf,.,0.7651533502471197,0.6117552887364265,0.5685099249981586,0.7339055793991416,0.3648068669527897,0.5846124376786723,0.5915296662142623
NiFeSe_Hases,.,0.8057761855586862,0.5951515151515234,0.6071114282794974,0.676595744680851,0.3702127659574468,0.5887975823966053,0.5872777033178103
Glu_syn_central,.,0.7052368992524787,0.6300057175528956,0.7389975756438751,0.723404255319149,0.32340425531914896,0.6146509569464595,0.5867885535460438
adeno_fiber,.,0.7541848872343411,0.5145797598627853,0.4304002611177157,0.776824034334764,0.3648068669527897,0.5052043310479905,0.5841066168085743
phc,.,0.7154956631861663,0.7205488850771928,0.4234946982009579,0.8412017167381974,0.38626609442060084,0.6013567383267969,0.582146104937496
hemopexin,.,0.7428424510541368,0.5433962264151007,0.41715348230871546,0.776824034334764,0.34763948497854075,0.5001508466965259,0.5776123892767252
Sec1,.,0.8209518467049989,0.6093310463121843,0.7272376790024804,0.6893617021276596,0.4765957446808511,0.6937052900073093,0.5708746723346623
IF4E,.,0.7120066635218923,0.5945797598627826,0.49585564220776407,0.7811158798283262,0.34334763948497854,0.538832616751695,0.5678248745585612
p450,.,0.7397316742523725,0.750600343053177,0.804313603436251,0.7191489361702128,0.42127659574468085,0.737285542880798,0.5629649558353945
laminin_G,.,0.716468843360489,0.5217152658662183,0.6059399701374169,0.7424892703862661,0.34763948497854075,0.5417019241564969,0.5616010560875255
TIMP,.,0.6997547925936316,0.5123384791309372,0.41107065802344656,0.8240343347639485,0.3648068669527897,0.49396076268286415,0.5573044151026539
PAP2,.,0.7704654691025918,0.5990394511149294,0.6697939238421707,0.7361702127659574,0.46382978723404256,0.6608309580727895,0.5478351320089085
PTS_EIIA_2,.,0.5785959857380234,0.5260377358490627,0.5235527984953319,0.8497854077253219,0.26609442060085836,0.46742875982636184,0.5404198092545975
RuvA,.,0.7802865144425889,0.6156203544882841,0.452849149113928,0.7467811158798283,0.4206008583690987,0.5736803779450873,0.5386439315208131
AFOR,.,0.7674141880320089,0.7075357347055541,0.5085239671563916,0.6680851063829787,0.31063829787234043,0.5526150203853639,0.5364744057711414
cryst,.,0.6678268334247018,0.4097884505431733,0.48267298807452536,0.7982832618025751,0.33047210300429186,0.4459408456395857,0.5362006578300336
Ald_Xan_dh_2,.,0.7626630289276746,0.6268496283590719,0.5629418765492377,0.6595744680851063,0.3148936170212766,0.5388392690214004,0.5358377376590754
capsid_n,.,0.51995869296378,0.46598056032018764,0.5879915613934076,0.9055793991416309,0.2832618025751073,0.4747338485267916,0.533659482343733
Bacterial_PQQ,.,0.8018792151663118,0.49767867352773737,0.48610882231906916,0.6553191489361702,0.34893617021276596,0.48533669141624514,0.5335184813565553
dhfr,.,0.7347382825282287,0.5769468267581555,0.4927033561816241,0.7424892703862661,0.37339055793991416,0.5362405681631051,0.5238597976056976
Phage_integrase,.,0.6591872033181618,0.4854659805603238,0.6002411436953331,0.8025751072961373,0.3948497854077253,0.5448520742591885,0.509613494079783
PBP,.,0.6818550768982325,0.4804802744425443,0.32767898808937423,0.7939914163090128,0.31759656652360513,0.4117925564883408,0.5068702521993845
RGS,.,0.5070821168581154,0.4612692967409989,0.6367359716440212,0.8841201716738197,0.2918454935622318,0.48187310576317877,0.49654573533505997
RNase_U2,.,0.5849110326334087,0.4175871926815361,0.41531024360128155,0.8583690987124464,0.30042918454935624,0.40203108436511953,0.4940159563615928
alpha-amylase,.,0.6553497286569689,0.7173241852487187,0.6895201414135784,0.7276595744680852,0.33191489361702126,0.6149320669964641,0.4910258265889864
Ald_Xan_dh_1,.,0.6363365928494632,0.5127730131503773,0.4404149964140305,0.7854077253218884,0.30472103004291845,0.4422736779348256,0.47915177814863874
lipoxygenase,.,0.6834444628597899,0.5795311606632417,0.6511091386752375,0.7021276595744681,0.34893617021276596,0.5537675850781476,0.47427370105838557
ku,.,0.8384690898428038,0.5170040022870261,0.7954730307225094,0.6595744680851063,0.6,0.7276978590224422,0.4722625778065434
Recep_L_domain,.,0.5767303695959816,0.4304173813607814,0.4132114955703922,0.8454935622317596,0.296137339055794,0.3963228898512522,0.46826820755678317
VAT-N,.,0.7117644309020827,0.4692738707833109,0.34062226448808225,0.7896995708154506,0.40772532188841204,0.45767302087158085,0.4681548152019081
ghf22,.,0.5164399454339151,0.42728416237850386,0.46151671735887917,0.8755364806866953,0.26180257510729615,0.38874263550568083,0.4659900938029465
Clp_N,.,0.5492433417902266,0.5106232132647278,0.4921635330970858,0.8841201716738197,0.33905579399141633,0.4795896893527384,0.46367656023491477
uce,.,0.5862454368899032,0.4032246998284766,0.30315331465384665,0.871244635193133,0.3133047210300429,0.3631993363851929,0.46159960123204313
Ribosomal_S7,.,0.5681034885746947,0.527890222984567,0.5557485799704567,0.8240343347639485,0.3133047210300429,0.48500838115714134,0.46006358170306355
Flavoprotein,.,0.6751150604944097,0.5773813607775949,0.1330719474221772,0.8197424892703863,0.31759656652360513,0.38105998874685015,0.45893820121127243
Fimbrial,.,0.5904313865480152,0.40137221269297124,0.3541340334935572,0.8540772532188842,0.3218884120171674,0.3806678491406601,0.45595242798918856
YgbB,.,0.6316066822205508,0.4848713550600398,0.3164039038007745,0.8154506437768241,0.31759656652360513,0.39786118137183024,0.4559265138302474
Ribosomal_L5_NC,.,0.6945786639808594,0.5843339050886309,0.2873332658265738,0.8025751072961373,0.3905579399141631,0.47340873429063246,0.45324772854012474
Bcl-2,.,0.5461155662081246,0.6013493424814247,0.3770877381166844,0.8497854077253219,0.2532188841201717,0.42192856312834887,0.4506478961912659
Dehydratase_MU,.,0.6675761014147237,0.6797484276729645,0.3619309742729908,0.759656652360515,0.31759656652360513,0.4840036988111839,0.44879591166819127
Ribosomal_S8,.,0.5271236788760407,0.3799199542595796,0.4201081990426338,0.871244635193133,0.27896995708154504,0.363274949205823,0.4472304432391104
lipocalin,.,0.568600702899567,0.5257404230989197,0.4287657528854888,0.8240343347639485,0.2832618025751073,0.4230400363525491,0.4435801962396616
BAG,.,0.44864031005775334,0.46033161806747025,0.7153501605705839,0.8841201716738197,0.2918454935622318,0.48938479767159065,0.437761843111952
Pep_deformylase,.,0.6694672157272717,0.5343853630646139,0.33344749629072595,0.759656652360515,0.3261802575107296,0.42020244707412713,0.437375625025655
Egg_lysin,.,0.4860971225314584,0.48551172098342316,0.5960513337229363,0.8798283261802575,0.30472103004291845,0.47060890229215496,0.4332958982649812
LMWPc,.,0.6234175197929549,0.5064150943396288,0.19818480080076623,0.8154506437768241,0.2832618025751073,0.34349994915177273,0.43299881919191824
phoslip,.,0.4901215837763641,0.4081875357347079,0.5870894598007059,0.8669527896995708,0.296137339055794,0.4301030069576181,0.4293777785045458
BChl_A,.,0.8391660398366417,0.45154945683248,0.6019347244304739,0.6425531914893617,0.5531914893617021,0.6018987305145633,0.4277293829795939
NusB,.,0.5164229466535777,0.5328301886792508,0.4585222884817638,0.871244635193133,0.296137339055794,0.4405178793962103,0.42540118705564994
Bacteriofer,.,0.603975164781927,0.7034419668382004,0.17125500037351124,0.8583690987124464,0.30472103004291845,0.4274761403663888,0.42519597383944546
Cys-protease-3C,.,0.6950716286106472,0.5626529445397469,0.1955742941324459,0.759656652360515,0.33047210300429186,0.3890737024416204,0.4220910899897234
SCP,.,0.5360310397728963,0.3742481417953149,0.36671696312731084,0.8669527896995708,0.30042918454935624,0.35039208942220257,0.4166558224199456
MATH,.,0.5780435253770542,0.37040594625500634,0.4203432216672103,0.8068669527896996,0.3090128755364807,0.3661281853447589,0.4129705911038999
hexapep,.,0.6364003382757288,0.42568324757004505,0.2127826469426568,0.7939914163090128,0.30472103004291845,0.3227429197635683,0.41228046665542295
Flavin_Reduct,.,0.6355971459047813,0.4742138364779932,0.40228409644099394,0.7682403433476395,0.34334763948497854,0.4204157053631286,0.4083206206124543
GAF,.,0.5421463509993159,0.47743853630646577,0.3055736642001842,0.8583690987124464,0.2875536480686695,0.36082043091914723,0.4023450908269982
psaA_psaB,.,0.7501604259894354,0.7387993138936584,0.7042468358495955,0.6680851063829787,0.5148936170212766,0.7142889632614338,0.3925189807911461
UreE,.,0.5043835604795356,0.3136878216123519,0.4789142695961591,0.8583690987124464,0.31759656652360513,0.3615507257167154,0.38416795181701224
Mur_ligase_C,.,0.49216993680703414,0.4116409376786775,0.4494996474374447,0.8326180257510729,0.24892703862660945,0.3466732729828123,0.3829943913930188
Histidine_kinase,.,0.6207827088406407,0.3591080617495744,0.3233753013437639,0.8369098712446352,0.4206008583690987,0.39584904405693994,0.3789433047775719
MoCF_biosynth,.,0.6042641440476646,0.4930588907947458,0.3746886479665093,0.7854077253218884,0.34334763948497854,0.4114663582798537,0.37376042911016233
MutS_D2,.,0.5518441551818658,0.44734133790738023,0.4387357984780627,0.8111587982832618,0.3218884120171674,0.3998291892676661,0.37248254280345333
DMRL_synthase,.,0.611560870507541,0.4814636935391687,0.32050564263622267,0.7811158798283262,0.33047210300429186,0.3819233545797787,0.37203122515908216
CBD_6,.,0.5885062746747922,0.349479702687253,0.3644607524727294,0.7939914163090128,0.33476394849785407,0.3452464818809183,0.36928390165530445
rnasemam,.,0.4696932995057605,0.3354373927958852,0.4281531879151388,0.8669527896995708,0.2703862660944206,0.3215886190588815,0.36852828198844834
Amidase_2,.,0.5587796575595702,0.43766723842195887,0.3471176805043749,0.8025751072961373,0.296137339055794,0.3495715523829039,0.36324881618818283
Ribosomal_L14,.,0.4884132063524443,0.34273299028016196,0.21770274170330806,0.8798283261802575,0.2446351931330472,0.2445333357580371,0.3619654923640796
HIT,.,0.42094079749777963,0.276569468267583,0.35692473807442726,0.927038626609442,0.26180257510729615,0.2718561442604211,0.35761564849564353
Fz,.,0.4733692857537472,0.3256032018296187,0.4200700138964496,0.871244635193133,0.2918454935622318,0.32608347790536635,0.3572696854863876
DHHA2,.,0.4624433196918121,0.4001143510577504,0.41308256550935746,0.8497854077253219,0.24034334763948498,0.3196930174518284,0.3563077153351787
Orbi_VP7,.,0.46603006234302696,0.3211206403659261,0.4641210240513763,0.8540772532188842,0.27896995708154504,0.32693729212357936,0.35179171535783355
mutT,.,0.510418127499352,0.3174385363064622,0.07867150752929315,0.8841201716738197,0.2446351931330472,0.1906291653421032,0.35171109856859295
MurB_C,.,0.5209063749675962,0.42314465408805385,0.26139351547860656,0.8927038626609443,0.34334763948497854,0.3492665592594819,0.34975984095059726
intb,.,0.48654759021040245,0.40633504859920255,0.3799532430652831,0.8283261802575107,0.2446351931330472,0.3118934934940731,0.34873877590077157
transketolase_C,.,0.539537038217508,0.4319725557461447,0.24371964730596352,0.8412017167381974,0.296137339055794,0.3145377754821952,0.3480060844927767
DUF50,.,0.4152547054748822,0.30680388793596447,0.46498619945276026,0.8969957081545065,0.26180257510729615,0.31191138782677624,0.3479918682549278
gln-synt_N,.,0.38818414778739624,0.26723842195540404,0.6072040701866208,0.8798283261802575,0.2532188841201717,0.33137170462091026,0.3448402884490945
DNA_PPF,.,0.3996030784791192,0.2582732990280173,0.5176561288418836,0.8969957081545065,0.26180257510729615,0.3074155166181703,0.34459333505893597
Frataxin_Cyay,.,0.4304601144867856,0.4104059462550053,0.5096694438633543,0.8540772532188842,0.2446351931330472,0.352293895593251,0.3443066540395784
DUF101,.,0.4781119454679127,0.3989022298456312,0.3674581392677531,0.8497854077253219,0.26180257510729615,0.3159014996924549,0.34386190236150455
Band_41_M,.,0.41357607591655304,0.36862206975414785,0.5173531456514592,0.8798283261802575,0.26180257510729615,0.3491439904303164,0.3403946872811623
C2,.,0.4813927100730523,0.36029731275014587,0.30310229210305667,0.8626609442060086,0.26609442060085836,0.28367800510623653,0.339605911813146
cytc,.,0.40229738516261465,0.25671812464265437,0.3828822400181902,0.8841201716738197,0.2017167381974249,0.22673392559605698,0.33954253730640765
Rhodanese,.,0.4983999898007318,0.39654659805603476,0.31420684332766985,0.8583690987124464,0.2918454935622318,0.3171932596111928,0.3387557118497302
RuBisCO_small,.,0.46492089192600433,0.302069754145227,0.5120385868833581,0.8755364806866953,0.34334763948497854,0.3712991019169859,0.33620251338226875
dCMP_cyt_deam,.,0.4838447841367382,0.3836477987421416,0.25708750655280005,0.8755364806866953,0.27896995708154504,0.28584108060155927,0.3311861408035368
Ribosomal_L4,.,0.6332173166575298,0.5910577472841709,0.22721167712563545,0.7854077253218884,0.3776824034334764,0.41685948170302123,0.33085993321355034
EF_TS,.,0.5110088351160804,0.49102344196684045,0.535160436976749,0.8025751072961373,0.3261802575107296,0.43692138160438454,0.32998574198106523
TNF,.,0.5614909630234031,0.37806746712407496,0.05690496029464345,0.8369098712446352,0.27896995708154504,0.22072313564288046,0.32624911360635644
PX,.,0.4696508025549167,0.3434419668381952,0.47561723416744084,0.8626609442060086,0.33047210300429186,0.365023197509835,0.32459882923809114
Hpr_kinase,.,0.5832876491111764,0.47263579188107835,0.3224158157348052,0.7725321888412017,0.33476394849785407,0.36650421407528594,0.31616394319599384
Syntaxin,.,0.47712601620833706,0.5349571183533488,0.481265579253459,0.8497854077253219,0.33476394849785407,0.44158818877464084,0.312421478044328
CH,.,0.4015239406572579,0.341749571183535,0.40888994275531454,0.8884120171673819,0.2446351931330472,0.2882327283696085,0.31172145954289215
S-AdoMet_syntD2,.,0.4955526940941988,0.3304059462550056,0.3847255441391508,0.8240343347639485,0.30472103004291845,0.30941063075537273,0.30527427012040764
tryp_alpha_amyl,.,0.4189561898933752,0.3128644939965715,0.27867410117562497,0.9012875536480687,0.24892703862660945,0.23961147893758286,0.30497410577754036
msb,.,0.428832481269469,0.34387650085763544,0.2875608558391842,0.8626609442060086,0.2145922746781116,0.23055656959427354,0.30380013318579585
GEL,.,0.43528776810263864,0.37070325900514783,0.463063915397448,0.8369098712446352,0.26180257510729615,0.3204734476968359,0.2983583946139393
STAS,.,0.40699329823085195,0.35743853630646233,0.5192555018336066,0.8454935622317596,0.2532188841201717,0.3261878084548284,0.2954437055128496
TIR,.,0.569501638257455,0.4201943967981741,0.048981125450192245,0.8454935622317596,0.33476394849785407,0.26235009147161736,0.29429764851329804
sh2,.,0.3840704429457187,0.30255002858776525,0.3589514453707436,0.9012875536480687,0.23605150214592274,0.24828182546071173,0.29363176912122013
MIF,.,0.43976269702648835,0.32347627215551833,0.4408992220892583,0.8326180257510729,0.26180257510729615,0.29344554693871333,0.29286237400285653
CUB,.,0.403708283930628,0.2898799313893671,0.4314181119458313,0.8540772532188842,0.2317596566523605,0.2591901592068084,0.29194920260784124
Ribosomal_S15,.,0.3193008401647182,0.27666094911378086,0.6629487580522416,0.9055793991416309,0.2575107296137339,0.3416530695114685,0.29137085622905234
Amino_oxidase_D2,.,0.42366910174195005,0.2765694682675827,0.39330044799107866,0.8583690987124464,0.2575107296137339,0.25863389459111946,0.29038253515502693
parv,.,0.39811568519958696,0.35030303030303284,0.3776662389930294,0.8841201716738197,0.2446351931330472,0.2763722554584662,0.2899685358172387
pilin,.,0.46025472672335765,0.29049742710120263,0.47250155774137037,0.8583690987124464,0.34763948497854075,0.3444889357415654,0.2897464439039943
UCR_14kD,.,0.40228463607736153,0.3454316752429979,0.5896156566098603,0.871244635193133,0.31759656652360513,0.38233535395040197,0.28775298023833906
Jacalin,.,0.5178508442019285,0.3368553459119526,0.12093283221338834,0.8326180257510729,0.2703862660944206,0.2075623764303752,0.28758549399677796
Elicitin,.,0.37333146346749624,0.3267924528301906,0.44187356065711286,0.8927038626609443,0.2446351931330472,0.28593871478984473,0.28748866351396374
urease_gamma,.,0.3707476488561946,0.3206174957118369,0.4743605677522892,0.9012875536480687,0.26609442060085836,0.3069378605293639,0.28665949411756614
mdm2,.,0.32862892087492723,0.28971983990852046,0.4887211442127541,0.8927038626609443,0.19742489270386265,0.2538615687653367,0.28187827386439646
aspg,.,0.5180463301758099,0.3679588336192141,0.2896356747843545,0.8154506437768241,0.31759656652360513,0.2974013061816735,0.28137785458686493
PAN,.,0.32640208065071336,0.2456260720411677,0.5804199375065332,0.8626609442060086,0.1888412017167382,0.25649824871890875,0.2813185786151183
EFTU_C,.,0.3555804871000506,0.2642881646655238,0.44904262970095943,0.8798283261802575,0.21030042918454936,0.23895955458512214,0.2801719509279781
dutpase,.,0.4600082444084638,0.2638993710691835,0.3765104065071283,0.8454935622317596,0.30472103004291845,0.2747290284649893,0.27894879791649396
Dehydratase_SU,.,0.5328905151055412,0.4731389365351669,0.21400213496668294,0.8454935622317596,0.3562231759656652,0.3415545192487933,0.27729374733516293
IF3,.,0.3304987867120534,0.28811892510005876,0.537637446902205,0.8798283261802575,0.21030042918454936,0.27306979171905355,0.27365033712395265
B_lectin,.,0.3883328871153495,0.28624356775300297,0.5489682962222773,0.8454935622317596,0.26180257510729615,0.306052612192427,0.2722382878277739
tcl1_mtcp1,.,0.40880791803188127,0.3022984562607223,0.4494120607694279,0.8497854077253219,0.26609442060085836,0.28479123808270923,0.2686612706066555
SCP2,.,0.44206178206713675,0.39441966838193454,0.2845794871814999,0.8583690987124464,0.26609442060085836,0.2727341495697291,0.2685207947074756
Levi_coat,.,0.5010135522776241,0.3206403659233863,0.46119531003983816,0.8412017167381974,0.40772532188841204,0.3845235207790114,0.26844968709236505
PDZ,.,0.3380717433524145,0.2757690108633515,0.3528994022381107,0.9141630901287554,0.20600858369098712,0.21079146419053757,0.26803836118462265
Hint,.,0.5209743700889461,0.481692395654665,0.2736752648822642,0.7896995708154506,0.2918454935622318,0.3166149154571528,0.26775490254907547
SRP19,.,0.3565706660547106,0.28521440823327765,0.5851404392439818,0.8884120171673819,0.2918454935622318,0.3358663603175475,0.26555584386803294
fkbp,.,0.4138523060970376,0.261795311606633,0.3205731330423478,0.8412017167381974,0.22317596566523606,0.20051534359700812,0.25997659378392407
Desulfoferrodox,.,0.43372813000667204,0.32811892510005913,0.4050580674240768,0.8540772532188842,0.30472103004291845,0.30404628093551544,0.2594958928925357
Me-amine-deh_L,.,0.4626940517017904,0.3020468839336784,0.1610276608947079,0.8583690987124464,0.26609442060085836,0.1964670055491204,0.2578699804480748
Ribosomal_S30AE,.,0.38229407040044877,0.29422527158376394,0.5176035527198356,0.8669527896995708,0.2875536480686695,0.3129994991827483,0.25603740550459475
SRP54M,.,0.3643603571443749,0.3176443682104072,0.4887491534671982,0.9098712446351931,0.3133047210300429,0.33069062139769334,0.2502291281349775
cytb,.,0.3008614131936034,0.27814751286449524,0.5134148343356648,0.9098712446351931,0.22317596566523606,0.26490269998342075,0.24825092359027412
DAP_epimerase,.,0.4988547071747602,0.3687135506003464,0.09719638933032117,0.8240343347639485,0.26609442060085836,0.19828736888994997,0.2432350255004009
L15,.,0.5155177616006053,0.31979416809605676,0.2534267530072888,0.8583690987124464,0.4034334763948498,0.3137461597243825,0.24269735341552534
PGM_PMM_III,.,0.4292022047418098,0.3619439679817055,0.22262452086227064,0.8540772532188842,0.2446351931330472,0.22077777878924862,0.2425895766213031
Colicin_Pyocin,.,0.32108146240507246,0.275929102344198,0.4730847995652682,0.8841201716738197,0.2145922746781116,0.24277414459744412,0.23886984464195404
KSI,.,0.45530808164514197,0.38675814751286736,0.1797676550781371,0.8454935622317596,0.26180257510729615,0.22727885359938393,0.23883089931627796
utg,.,0.2481226971964762,0.24329331046312325,0.5064958084974526,0.9313304721030042,0.18025751072961374,0.21961270036136332,0.23533987868476264
HMG_box,.,0.24515216033249615,0.1854545454545463,0.5697391514609653,0.9356223175965666,0.21030042918454936,0.2339719513878442,0.2327257484708353
ISP,.,0.4579386429023718,0.3486335048599223,0.11589628502191157,0.8540772532188842,0.26180257510729615,0.19182602651562605,0.23219114141603
Propep_M14,.,0.3297678391575405,0.279817038307606,0.4995802189135624,0.8841201716738197,0.24892703862660945,0.27144066186900684,0.22959759988646747
CARD,.,0.34182422411192,0.2593253287592925,0.3085535119933739,0.9098712446351931,0.2317596566523605,0.19689730904031771,0.22937058597726342
BIR,.,0.3069087292986728,0.23704974271012164,0.4845549669210337,0.8884120171673819,0.2145922746781116,0.22821132110127745,0.22841053020925528
hormone5,.,0.3025995384831139,0.19231560891938396,0.47936788071882663,0.8755364806866953,0.1888412017167382,0.19194804678713676,0.22834967604416254
avi,.,0.44800285579509674,0.25241852487135646,0.3935543342414039,0.8025751072961373,0.2918454935622318,0.2504240059856258,0.22423186872357168
Ribosomal_L22,.,0.409424123819116,0.33491137793024706,0.38814528972239676,0.8197424892703863,0.2532188841201717,0.2570808887934205,0.22044146801265402
gag_p17,.,0.4445266052160758,0.40530588907947696,0.12477999795648143,0.8669527896995708,0.27467811158798283,0.22224626342818504,0.21878768587687036
CBM_20,.,0.36894577814041846,0.2733676386506581,0.3636557981437996,0.8412017167381974,0.2145922746781116,0.200970220245152,0.21623817721470703
Peptidase_S24,.,0.3714573479352857,0.2521212121212131,0.4486352526545136,0.8626609442060086,0.2832618025751073,0.2620384064207425,0.21519258708766198
ANATO,.,0.24679254263506595,0.18776443682104152,0.3649400128524497,0.9527896995708155,0.18025751072961374,0.15050657014461086,0.21242173463986413
Bac_DNA_binding,.,0.2506597651618496,0.21296740994854305,0.5423286188496403,0.9313304721030042,0.22746781115879827,0.24119104783747353,0.20935453633869008
FYVE,.,0.20716413597324393,0.14877072612921752,0.5277623102042878,0.944206008583691,0.17167381974248927,0.1766847604012799,0.2089262983599733
il8,.,0.2104661490538054,0.1638650657518592,0.5873858893734287,0.9227467811158798,0.17167381974248927,0.19877330398891613,0.20692852128967962
pot,.,0.22246303827700364,0.11638650657518664,0.5517633180959064,0.9184549356223176,0.1759656652360515,0.17100510081267006,0.20391205136311205
TNFR_c6,.,0.3158883350119629,0.17276157804459744,0.39046185253200716,0.8927038626609443,0.23605150214592274,0.1799222889033397,0.19608293696792042
PABP,.,0.1952649897369864,0.1598856489422534,0.5369430823167745,0.9356223175965666,0.15879828326180256,0.17158341747054928,0.1950299804865607
zf-TAZ,.,0.30541708632405623,0.3239336763865083,0.27270372683101946,0.9227467811158798,0.2145922746781116,0.1922342393625599,0.19342509676796862
RNA_pol_K,.,0.28573249869321876,0.23366495140080182,0.5203494572116385,0.8841201716738197,0.22746781115879827,0.2359504784010351,0.19250076950334258
Ribosomal_L30,.,0.1859879053677899,0.2023785020011447,0.593719366027799,0.9227467811158798,0.15021459227467812,0.1983474103636978,0.19156534781040782
SAM_PNT,.,0.2708968131536562,0.2168782161235002,0.46138185561968914,0.8927038626609443,0.19742489270386265,0.19219209940065946,0.18864259717763346
kunitz,.,0.1825541517396127,0.09376786735277365,0.5379529445179474,0.9313304721030042,0.14163090128755365,0.13281257614500702,0.18841456042680574
ATP-synt_DE_N,.,0.3097645243953746,0.18753573470554685,0.3841595045396333,0.871244635193133,0.2017167381974249,0.15905012745413175,0.1882894828554412
Skp1,.,0.43179876843836457,0.40722698684963027,0.3546886339026011,0.8068669527896996,0.2918454935622318,0.2910508456743326,0.18817868540712723
BRCT,.,0.3006021817934563,0.20066323613493492,0.3618879894092884,0.8755364806866953,0.18454935622317598,0.14687272257302295,0.1877377686761636
dsrm,.,0.2332742625716605,0.18730703259005252,0.464944307965935,0.9184549356223176,0.18025751072961374,0.1706944691786649,0.18364075575227928
Rop,.,0.18402454623880737,0.2570840480274455,0.5911975110414762,0.9356223175965666,0.17167381974248927,0.23136855004206955,0.1832984649987539
SUI1,.,0.29235777332976365,0.21690108633504934,0.4320896267687327,0.8927038626609443,0.22746781115879827,0.20087530391792943,0.1826489243436475
7kD_DNA_binding,.,0.21793711301214141,0.14408233276157875,0.5575568060877492,0.9055793991416309,0.1759656652360515,0.17728785901789423,0.1820587714262984
ACPS,.,0.39168164684183915,0.270874785591768,0.45107414693565756,0.8283261802575107,0.30472103004291845,0.2731845583907205,0.18191163476572958
cks,.,0.2531670852616325,0.11062321326472327,0.5728645607043414,0.9055793991416309,0.2446351931330472,0.2107749140913229,0.17770807108085052
PAH,.,0.2813723115366473,0.2540423098913678,0.5082568428436097,0.8927038626609443,0.2446351931330472,0.24753964533312275,0.17659876555134052
HSP20,.,0.43470980957116334,0.2762492853058899,0.235154154825183,0.8326180257510729,0.30472103004291845,0.2094404226035838,0.17492602155774
S4,.,0.14147659905401788,0.1210062893081768,0.5350936211476175,0.9613733905579399,0.13304721030042918,0.13467179185211928,0.17227205986750802
Arch_histone,.,0.22243754010649738,0.21324185248713637,0.5216909659929466,0.9356223175965666,0.22317596566523606,0.22221707079335484,0.16973434012244748
tetR,.,0.20911049632188894,0.2309891366495153,0.5844122558652711,0.9184549356223176,0.2017167381974249,0.23335294821562738,0.16925054916867047
TIL,.,0.17587363106697096,0.10019439679817085,0.5304328746667671,0.9356223175965666,0.15879828326180256,0.13815701797044858,0.1655391101738833
Ribosomal_L12,.,0.2420201350553098,0.20994854202401483,0.4100933758468926,0.9012875536480687,0.17167381974248927,0.15147477663195089,0.16254155146175084
kazal,.,0.1646629354343826,0.1192910234419673,0.5249140417199624,0.944206008583691,0.15450643776824036,0.1407575224474745,0.16144526694339595
myb_DNA-binding,.,0.16555962109718628,0.10803887935963442,0.5642986512123285,0.927038626609442,0.15021459227467812,0.14371379021791775,0.15884281706265563
C1,.,0.1541066928447884,0.10918238993710762,0.5141965750393234,0.9356223175965666,0.12875536480686695,0.1150931465950224,0.15482247759576848
RNA_pol_H,.,0.24980982614497413,0.1813379073756442,0.3392353505425856,0.9141630901287554,0.1888412017167382,0.12740416788791514,0.15065824261042607
HLH,.,0.2047333103849799,0.1165008576329336,0.5501803516343373,0.9399141630901288,0.23605150214592274,0.19535324641412366,0.1497347492014499
CAT_RBD,.,0.1661120814581554,0.10419668381932577,0.5197827553001637,0.9313304721030042,0.15021459227467812,0.12672043484934184,0.1495821768110036
Ribosomal_L6_D,.,0.25827096905797015,0.19771297884505543,0.4098217666191895,0.8841201716738197,0.1888412017167382,0.15293678162660465,0.1491236345798642
PCI_1,.,0.1560913004491928,0.08130360205831938,0.5056482863160527,0.9356223175965666,0.14163090128755365,0.10667065373592577,0.14368996637219464
hip,.,0.2706078338879186,0.19576901086335172,0.3036176362194174,0.9055793991416309,0.20600858369098712,0.13060457987129306,0.14185413499854782
Ribosomal_S5_N,.,0.22179583614875636,0.16075471698113278,0.49200282432713355,0.8969957081545065,0.1888412017167382,0.16138124828984193,0.1415086973043378
toxin,.,0.19153375745290277,0.058113207547169976,0.5699077466492248,0.9098712446351931,0.19313304721030042,0.14660706945438506,0.1393123236548073
SpoU_methylase_N,.,0.2556276587154872,0.20500857632933234,0.32233592946537915,0.8927038626609443,0.1759656652360515,0.1189118677491036,0.1369831484442026
SNAP-25,.,0.2188167998946076,0.24834762721555284,0.604700686344887,0.9313304721030042,0.27896995708154504,0.28704352260546145,0.13626486992827003
ngf,.,0.38843912949245896,0.2325214408233288,0.22722456359038626,0.8497854077253219,0.296137339055794,0.17454891546127965,0.1345950761972782
PH,.,0.3592352248726154,0.24965122927387204,0.0879181347097386,0.8669527896995708,0.21888412017167383,0.09196535423418747,0.13445175784180402
biotin_lipoyl,.,0.2777940682756012,0.14236706689536982,0.26665474178075765,0.8927038626609443,0.19742489270386265,0.08974056790318853,0.13215489956946985
UcrQ,.,0.2835099081640892,0.16491709548313385,0.5322925035509732,0.9141630901287554,0.33905579399141633,0.2682094655462089,0.13172580486287808
FN2,.,0.1651601497592548,0.10126929674099537,0.4526626807015967,0.9399141630901288,0.15450643776824036,0.10402143631271285,0.13169301910576633
B,.,0.14477436243949499,0.16112064036592427,0.5386435069421414,0.9313304721030042,0.14163090128755365,0.14463134086878943,0.1310557630306744
FN1,.,0.12706588302289312,0.10511149228130408,0.548109473854148,0.944206008583691,0.13733905579399142,0.12289143529412606,0.1300080662930587
Sm,.,0.25620561724696256,0.22904516866781088,0.4821630139998684,0.8669527896995708,0.21030042918454936,0.19429367885639529,0.12915348583779387
PBD,.,0.22221655596210974,0.18577472841623888,0.543582825102938,0.9055793991416309,0.23605150214592274,0.21324912791903966,0.1275462347133466
KH,.,0.2365337787013782,0.1780217267009729,0.42855553016420495,0.8927038626609443,0.19742489270386265,0.15077821692022336,0.12720556194443383
protg,.,0.18124949534870874,0.12615208690680443,0.5253058442145464,0.9055793991416309,0.16738197424892703,0.14001097057080059,0.12469844244883196
DISIN,.,0.221060638899159,0.07544882790165851,0.4270443427831022,0.9184549356223176,0.21888412017167383,0.12252471061504329,0.11975054601455216
P,.,0.1679776976001972,0.09278444825614675,0.5149414920158212,0.9356223175965666,0.19313304721030042,0.1395385107940176,0.11722613194201463
RING,.,0.16673253694047452,0.1023441966838197,0.4781905271826564,0.9227467811158798,0.15879828326180256,0.10999635868176454,0.11706208148428296
thionin,.,0.12910573666339442,0.11014293882218464,0.4019238968564745,0.9527896995708155,0.11158798283261803,0.06185905833762019,0.11594576398275835
planttoxin,.,0.13936450059708216,0.10508862206975478,0.489140166911117,0.9227467811158798,0.12017167381974249,0.08957151305840025,0.11562541888468181
TPK_B1_binding,.,0.3014223729447412,0.22460834762721638,0.21670935553416096,0.8626609442060086,0.19742489270386265,0.09984793489679915,0.10897145704674957
VPR,.,0.11992639528113859,0.10309891366495193,0.56304453490263,0.9613733905579399,0.18454935622317598,0.15029115017463,0.10363269701071695
fusion_gly,.,0.20182226925218116,0.24670097198399196,0.5765691985495466,0.927038626609442,0.2703862660944206,0.2637492213110545,0.10359020566105598
GATA,.,0.19335262694901642,0.10735277301315095,0.4979612954540608,0.9313304721030042,0.24034334763948498,0.16526709171159026,0.09981529119134723
lacI,.,0.17016629056865173,0.17134362492853136,0.38440635883584334,0.9399141630901288,0.17167381974248927,0.11339080223483934,0.09762850380137403
phycoerythr_ab,.,0.2332317656208167,0.11855917667238464,0.5611261196996891,0.9141630901287554,0.3090128755364807,0.2299981030320574,0.09607470540685596
MMOB,.,0.32710753003472004,0.19931389365351726,0.1454099524587571,0.871244635193133,0.24034334763948498,0.09226913050899545,0.09431388988043345
e3,.,0.09210364156371782,0.05541452258433415,0.4566116114946088,0.9527896995708155,0.11158798283261803,0.047392805872827515,0.0818166021645034
MBD,.,0.22809813395888848,0.15448827901658185,0.39862085718146983,0.9055793991416309,0.2446351931330472,0.15006826478422058,0.07815322828160327
phero,.,0.09503593117193843,0.10076615208690722,0.49825127157354465,0.9356223175965666,0.11587982832618025,0.07748223045899574,0.0737595493968832
SAP,.,0.10969737921304147,0.12027444253859408,0.48448080331310356,0.9313304721030042,0.12875536480686695,0.08880089080693518,0.07285893097945617
GAL4,.,0.07017096523324452,0.04196683819325346,0.4506761649069774,0.9570815450643777,0.09012875536480687,0.02455347794664292,0.07270531997311687
mthina,.,0.06710268538232382,0.03142367066895383,0.49117760611415,0.9484978540772532,0.09012875536480687,0.031702603343391735,0.07169052497812951
hpr,.,0.32573062882738163,0.259371069182391,0.0,0.8497854077253219,0.1759656652360515,0.024877031327691836,0.07086582560970524
lh2,.,0.15532210563892043,0.1587878787878795,0.5577605201631308,0.9227467811158798,0.22746781115879827,0.18547480412372547,0.06405787562405564
GLA,.,0.08028098983897905,0.031652372784448386,0.5041885425853179,0.9399141630901288,0.12017167381974249,0.05039998306702556,0.057329747577813395
PARATHYROID,.,0.06062615007373222,0.07002858776443711,0.5249318546409393,0.9613733905579399,0.12875536480686695,0.07754465523649837,0.0542426344687876
LDLa,.,0.10051803783078564,0.028747855917667344,0.4199078006153843,0.9399141630901288,0.12446351931330472,0.025930912681913016,0.053755398054127775
GLUCAGON,.,0.054013624522440525,0.05120640365923407,0.4858545394992385,0.9699570815450643,0.12017167381974249,0.0523508977208579,0.05000933152431755
GGL,.,0.2052815210508646,0.14817610062893138,0.4523086637174324,0.9098712446351931,0.26609442060085836,0.16971576719494325,0.04934995292035093
TFIIS,.,0.13557377258181727,0.08073184676958302,0.3954068126094777,0.9356223175965666,0.17167381974248927,0.06711490815034266,0.04708354955008427
neur_chan_memb,.,0.028409211639064902,0.055917667238422196,0.5264373960170227,0.9656652360515021,0.0944206008583691,0.04830767795929509,0.0443079540237221
zf-CCHC,.,0.0,0.0,0.5214006934684201,0.9699570815450643,0.055793991416309016,0.0,0.04267444435183341
END,.,0.020181801955709677,0.013562035448827964,0.4954354706843393,0.9656652360515021,0.07296137339055794,0.008066026080585235,0.04187894353707374
WW,.,0.0706511807777792,0.0348770726129218,0.4859875722148981,0.9313304721030042,0.10300429184549356,0.03073410070079573,0.041268373273291484
GBP_PSP,.,0.03013883753840662,0.029479702687249986,0.5046586082761979,0.9613733905579399,0.09012875536480687,0.026800977098572955,0.03828286514691534
zf-CCHH,.,0.04821704042734934,0.06504288164665553,0.45210505593903144,0.9527896995708155,0.09012875536480687,0.02387363266958504,0.0346392359853235
SRF-TF,.,0.29769964005082633,0.21651229273870892,0.2235881438767902,0.8583690987124464,0.27896995708154504,0.12808827801972375,0.026109860442791424
DEFSN,.,0.052640973010186526,0.04418524871355081,0.49965471674373035,0.9184549356223176,0.0815450643776824,0.019264427099476806,0.022293147975050158
P53,.,0.05609597511378559,0.08539736992567218,0.4378785685204729,0.9484978540772532,0.12875536480686695,0.042752424007954745,0.0
